2017_2019,Prefecture,City,LA03,LB00,LB01,LB011001,LB012001,LB012002,LB013001,LB013002,LB013003,LB013004,LB013005,LB013006,LB013007,LB014001,LB014002,LB014003,LB02,LB021101,LB021102,LB021103,LB021104,LB021105,LB021106,LB021107,LB021108,LB021109,LB021110,LB021111,LB021112,LB021113,LB021114,LB021115,LB021116,LB021201,LB021202,LB021203,LB021204,LB021205,LB022001,LB022002,LB022003,LB022004,LB022006,LB023001,LB023002,LB023003,LB023004,LB024001,LB024002,LB024003,LB024004,LB024005,LB03,LB031001,LB031002,LB031003,LB031004,LB031005,LB032001,LB032002,LB032003,LB032004,LB04,LB041001,LB042001,LB042002,LB042003,LB042004,LB042005,LB043001,LB05,LB051101,LB051102,LB051103,LB051104,LB051105,LB051106,LB051107,LB051108,LB051201,LB051202,LB051203,LB051204,LB051205,LB051206,LB051207,LB051208,LB051209,LB051210,LB051301,LB051302,LB051303,LB051304,LB051305,LB051306,LB051307,LB051308,LB051309,LB051310,LB051311,LB052001,LB052002,LB052003,LB052004,LB052005,LB052006,LB053001,LB053002,LB053003,LB053004,LB054001,LB054002,LB054003,LB054004,LB054005,LB054006,LB054007,LB054008,LB06,LB061001,LB061002,LB061003,LB061004,LB061005,LB061006,LB061007,LB061008,LB061009,LB061010,LB061011,LB061012,LB061013,LB061014,LB061015,LB062001,LB07,LB071001,LB071002,LB072001,LB072002,LB072003,LB072004,LB072005,LB072006,LB072007,LB072008,LB072009,LB072010,LB072011,LB072012,LB072013,LB072014,LB072015,LB072016,LB08,LB080001,LB080002,LB080003,LB080004,LB080005,LB080006,LB080007,LB080008,LB080009,LB080010,LB080011,LB080012,LB080013,LB080014,LB080015,LB080016,LB09,LB091001,LB091002,LB091003,LB091004,LB091005,LB092001,LB092002,LB092003,LB092004,LB092005,LB092006,LB092007,LB092008,LB092009,LB092010,LB092011,LB092012,LB10,LB101001,LB101002,LB101003,LB101004,LB102001,LB102002,LB102003,LB103001,LB103002,LB103003,LB103004,LB103005,LB103006,LB103007,LB11,LB110001,LB110002,LB110003,LB110004,LB110005,LB110006,LB110007,LB110008,LB12,LB121101,LB121102,LB121103,LB121104,LB121105,LB121106,LB121107,LB121108,LB121109,LB121110,LB121201,LB121202,LB122001
地域コード,都道府県,市,世帯人員,食料（合計）,01　穀類,米,食パン,他のパン,生うどん・そば,乾うどん・そば,スパゲッティ,中華麺,カップ麺,即席麺,他の麺類,小麦粉,もち,他の穀類のその他,02　魚介類,まぐろ,あじ,いわし,かつお,かれい,さけ,さば,さんま,たい,ぶり,いか,たこ,えび,かに,他の鮮魚,さしみ盛合わせ,あさり,しじみ,かき（貝）,ほたて貝,他の貝,塩さけ,たらこ,しらす干し,干しあじ,他の塩干魚介,揚げかまぼこ,ちくわ,かまぼこ,他の魚肉練製品,かつお節・削り節,魚介の漬物,魚介のつくだ煮,魚介の缶詰,他の魚介加工品のその他,03　肉類,牛肉,豚肉,鶏肉,合いびき肉,他の生鮮肉,ハム,ソーセージ,ベーコン,他の加工肉,04　乳卵類,牛乳,粉ミルク,ヨーグルト,バター,チーズ,他の乳製品,卵,05　野菜・海藻,キャベツ,ほうれんそう,はくさい,ねぎ,レタス,ブロッコリー,もやし,他の葉茎菜,さつまいも,じゃがいも,さといも,だいこん,にんじん,ごぼう,たまねぎ,れんこん,たけのこ,他の根菜,さやまめ,かぼちゃ,きゅうり,なす,トマト,ピーマン,生しいたけ,しめじ,えのきたけ,他のきのこ,他の野菜のその他,豆類,干ししいたけ,干しのり,わかめ,こんぶ,他の乾物・海藻,豆腐,油揚げ・がんもどき,納豆,他の大豆製品,こんにゃく,梅干し,だいこん漬,はくさい漬,他の野菜の漬物,こんぶつくだ煮,他の野菜・海藻の佃煮,他の野菜・海藻加工品のその他,06　果物,りんご,みかん,グレープフルーツ,オレンジ,他の柑きつ類,梨,ぶどう,柿,桃,すいか,メロン,いちご,バナナ,キウイフルーツ,他の果物,果物加工品,07　油脂・調味料,食用油,マーガリン,食塩,しょう油,みそ,砂糖,酢,ソース,ケチャップ,マヨネーズ・マヨネーズ風調味料,ドレッシング,ジャム,カレールウ,乾燥スープ,風味調味料,ふりかけ,つゆ・たれ,他の調味料,08　菓子類,ようかん,まんじゅう,他の和生菓子,カステラ,ケーキ,ゼリー,プリン,他の洋生菓子,せんべい,ビスケット,スナック菓子,キャンデー,チョコレート,チョコレート菓子,アイスクリーム・シャーベット,他の菓子,09　調理食品,弁当,すし（弁当）,おにぎり・その他,調理パン,他の主食的調理食品,うなぎのかば焼き,サラダ,コロッケ,カツレツ,天ぷら・フライ,しゅうまい,ぎょうざ,やきとり,ハンバーグ,冷凍調理食品,そうざい材料セット,他の調理食品のその他,10　飲料,緑茶,紅茶,他の茶葉,茶飲料,コーヒー,コーヒー飲料,ココア・ココア飲料,果実・野菜ジュース,炭酸飲料,乳酸菌飲料,乳飲料,ミネラルウォーター,スポーツドリンク,他の飲料のその他,11　酒類,清酒,焼酎,ビール,ウイスキー,ワイン,発泡酒・ビール風アルコール飲料,チューハイ・カクテル,他の酒,12　外食,日本そば・うどん,中華そば,他の麺類外食,すし（外食）,和食,中華食,洋食,焼肉,ハンバーガー,他の主食的外食,喫茶代,飲酒代,学校給食
R00000,全国,全国,2.98,954715,77480,23736,9461,21430,3322,2258,1161,3889,4362,1796,672,609,1760,3023,75055,5304,1172,542,1415,995,4671,950,907,943,2956,1795,1299,2903,1571,6649,4703,792,397,868,929,418,2196,2148,1562,721,7171,2249,1655,3047,1471,867,3016,1055,2832,2886,90370,21670,30086,15761,2587,2548,5135,7379,2586,2618,45850,15141,709,13250,1074,5808,513,9353,106488,2950,2070,1398,3149,2516,2276,1013,6770,1019,2433,813,1771,2406,1079,3216,1049,721,3414,2045,1545,3303,1971,8014,2173,1962,1790,1243,2375,3995,462,427,2852,1589,916,2954,5316,2961,4140,864,1869,1462,1056,539,5065,1194,420,1925,38812,4802,4354,247,613,2180,1747,2754,1033,1068,1331,1022,3307,4849,1878,4433,3193,43421,3938,679,448,1759,2232,1146,989,741,614,1248,2211,1269,1427,3415,2401,1636,4831,12437,84824,677,1118,8850,830,6834,2136,1496,7560,5810,3912,4608,2181,6592,1577,9473,21170,123772,14773,13151,4551,5422,13639,2392,4979,1966,1966,11007,1035,2104,2380,1276,7670,3131,32332,55590,3921,745,1469,7216,6295,4672,421,7821,5424,4023,2024,3454,1431,6674,40676,5556,6240,10914,1698,3349,8821,3126,973,172378,6245,6581,2357,14885,23048,4838,12927,7082,4141,54404,7005,18785,10081
R01100,北海道,札幌市,2.96,910399,81474,30994,8496,18942,2973,1974,1307,3977,4974,1496,690,613,1819,3219,79328,4318,193,334,785,1791,7013,761,1132,497,1143,1869,1398,3216,1703,8043,3583,599,542,750,2091,742,2963,2598,777,210,9591,1538,1476,3504,1311,657,4747,565,2688,4201,83095,10653,30887,15055,1493,4567,4605,8447,3261,4128,41262,12450,966,10694,1410,6844,453,8444,104045,2935,2577,1547,3166,2611,2233,1052,8918,1212,2652,349,1875,2242,1031,3628,634,938,3281,1469,1818,2961,2184,7681,2445,1817,1574,918,2307,3426,423,464,2698,1158,730,2548,4428,2107,4454,596,1862,1773,834,317,4902,965,283,2021,36067,4063,4344,271,606,2062,843,1841,1453,688,1325,2816,2296,5166,1802,3203,3288,39624,3520,518,386,1451,1851,933,790,704,634,1258,1850,993,1528,2789,2349,1435,4872,11763,84320,626,642,9656,731,7347,1897,1186,7988,4261,4162,6526,2419,7865,2196,9505,17312,94709,11139,10720,4535,5269,9582,1198,3500,1236,1157,10035,855,1765,2616,1096,5482,1243,23280,53002,3005,732,1124,6754,6996,4549,427,7269,7125,2862,1716,3203,1319,5921,51106,5928,4965,14927,3163,4038,13262,3463,1360,162367,6575,6793,2267,19850,23858,4510,17165,7681,3688,22506,5665,26189,15619
R02201,青森県,青森市,2.98,878930,71992,23773,7777,17336,2777,2021,1016,4857,6115,1891,480,483,1343,2126,90933,5392,686,805,1112,1944,6516,690,1360,617,1718,3039,1150,2871,1645,8713,2802,470,959,314,3557,880,3518,3398,773,343,13298,1513,1637,2725,1271,487,6580,582,3644,3923,83349,15006,30455,13531,1171,3137,4366,8734,3000,3949,38677,12654,549,11582,832,5109,457,7494,106830,3168,2564,1255,2788,2646,2131,1382,7363,784,1840,239,1809,2213,1243,3577,587,632,4225,2015,1200,3015,2656,8061,1869,2037,1677,1030,2844,2791,241,268,2381,1902,1213,2823,4795,2424,5084,865,2513,1979,1247,521,5195,1141,297,2304,38863,8540,3796,319,695,1924,821,1660,1149,704,1113,1622,2786,5221,1807,3811,2896,40288,3627,697,489,1481,1889,1018,1010,719,543,1189,1817,1105,1578,2955,1724,1343,5508,11596,81388,599,419,7898,531,6962,2358,1572,7515,5136,3003,5598,1851,5260,1529,9720,21438,111074,14559,12311,3340,4707,10816,1641,4263,1979,2070,11592,690,1658,4122,1502,6972,953,27896,56753,2237,381,1165,6853,6379,5635,368,10554,7613,3692,2059,1526,1529,6763,52644,6637,9540,13576,3394,3432,11200,3866,999,106138,4451,8054,770,13293,15006,3560,9825,7356,3107,13222,2571,14178,10745
R03201,岩手県,盛岡市,3.15,951176,80203,25867,8270,20622,3198,2420,1178,5651,5579,1812,854,607,1306,2841,78310,6354,552,488,2432,1256,5393,652,1762,295,2055,1669,1051,1898,929,6475,3634,708,482,787,1626,523,4335,1995,828,497,9999,1518,1552,2626,1176,645,4376,614,3335,3792,76514,10630,29034,14034,1476,2911,4836,7872,2875,2846,51711,16938,1159,16992,1012,6601,657,8353,118250,3307,3150,1256,2965,2165,2925,1233,8384,1008,2073,855,2167,2627,1326,3396,792,615,3602,2124,1740,3349,2177,7506,2251,2175,1988,1366,3435,3911,260,432,2551,2583,1355,3226,7087,3128,6189,884,2356,1529,1200,499,5331,1315,286,2170,42415,8856,4069,312,559,2369,1289,2340,960,1033,1237,1007,3312,5082,2289,4450,3251,45655,4059,740,431,1780,2588,982,960,632,656,1197,2019,1220,1544,4249,2179,1634,5681,13100,88924,805,640,8104,442,7189,3137,1439,6665,6424,3715,4420,2093,6542,1742,10656,24908,116265,14493,11808,4398,4607,11727,1657,4719,1723,2300,11207,759,1847,2302,1477,7877,2817,30547,56962,3564,562,1454,7117,6973,4096,514,9357,6323,3238,2338,2785,1665,6975,50279,7631,6754,13804,1669,4147,10688,4452,1135,145688,6021,10282,2100,13807,9810,2012,6563,6897,3244,47307,4708,23046,9892
R04100,宮城県,仙台市,3.00,958380,70942,20207,7972,18989,2967,2525,1217,4793,5043,1702,803,580,1438,2704,87815,6106,677,427,3180,1456,5140,505,1441,303,1975,1582,1426,2516,675,7647,4662,791,665,1310,1196,429,3311,1919,1221,464,8155,1848,1099,10695,1554,607,4596,1258,3331,3649,84141,14865,31361,13821,1399,3449,4786,7821,2955,3684,48489,15924,553,13938,1094,6899,580,9502,120474,2887,2562,1353,2928,2184,2584,1287,9523,1032,2220,1048,2004,2497,1265,3078,1066,1089,4297,2624,1874,3685,2331,7773,2490,1888,2105,1332,3611,4646,468,579,2507,2430,1106,3336,5835,3165,5507,874,2325,1547,1094,806,6023,1175,380,2052,43636,5387,4564,438,710,2561,1983,2436,1330,1034,1305,956,3528,4889,2032,6271,4214,42161,3702,510,435,1704,2386,1063,901,639,584,1081,1960,1189,1373,3572,2392,1415,4695,12560,92715,888,936,11284,878,6908,2345,1555,8435,6165,4465,4811,2341,6665,1973,9572,23491,120840,13292,12921,5248,5390,12011,1941,5273,2077,2455,11581,1040,2192,2265,1443,4869,4262,32578,56234,4635,969,1299,7120,6610,4182,436,8348,5690,3763,1995,3151,1619,6417,46579,8293,6456,12126,3324,5240,7655,2371,1112,144356,6763,9550,2745,14055,15250,3440,8676,7059,3444,44302,5568,15944,7561
R05201,秋田県,秋田市,2.88,900697,68139,19508,6461,17978,3158,3969,984,4732,5264,1693,608,536,1214,2034,84401,5352,739,708,1598,2359,5014,706,1396,711,2273,2327,858,3251,1249,8617,4184,649,882,513,1322,626,4623,3240,862,453,8984,1459,1339,3133,1128,645,5082,1435,3369,3315,80686,13603,31052,14461,1280,2768,4227,7762,2936,2596,42682,12569,663,13056,915,5786,447,9246,117898,3270,3187,1240,3011,2472,2562,1241,9812,1054,2049,573,1996,2211,1263,3198,679,649,3911,4147,1555,3498,2624,7477,2132,2241,1542,1217,4199,3757,445,389,2715,2241,969,3746,5183,2441,5355,540,1847,1531,1791,365,6067,844,548,2115,41537,7525,4848,319,678,2106,1859,2247,818,1025,1527,1672,3059,4794,1704,4384,2973,42771,3906,576,435,1740,2685,1238,862,615,538,1167,1726,1050,1510,3369,2009,1717,5792,11837,84128,546,854,8845,462,6976,2296,1558,7655,4812,3122,4242,1819,5655,1313,8761,25210,110346,12302,11698,3814,5118,8809,1359,4455,1571,1910,9798,660,1602,2669,1070,6330,4817,32362,51796,3739,518,1424,6136,6528,3765,370,7945,6542,3111,1827,2288,1389,6216,55920,10264,7496,13733,3349,4071,11440,4620,945,120395,5410,9739,1658,13975,13238,2352,5460,6770,2830,26648,3551,16084,12682
R06201,山形県,山形市,3.19,994946,79598,26733,7781,18735,4487,3476,1229,4867,5186,1588,712,541,1798,2463,74850,5543,476,321,2256,1273,4393,513,1117,386,1943,1873,1249,2206,993,4938,3115,684,309,862,1075,312,3821,2914,984,495,9415,1993,1564,3502,1789,834,3682,1060,3665,3293,93770,23011,31402,14599,1463,3303,4407,8384,3332,3869,48522,14419,1085,15964,934,6559,491,9069,118255,2920,2864,1001,3205,2153,2614,1288,9661,788,2012,1993,1703,2180,1408,2885,834,1353,3488,2190,1422,3766,2533,6282,2071,1743,1881,1449,4198,3459,517,488,2473,1880,1356,3591,5697,3273,5723,621,3574,1323,1261,783,6777,1267,366,1942,47970,6578,4352,308,658,2169,2649,3796,865,1195,1367,863,3356,4907,1471,10481,2953,45053,4448,569,505,2978,2557,1327,1051,671,630,1316,2170,962,1506,3258,2028,1933,4899,12244,93978,1013,1046,12224,638,7734,2386,1775,9430,7442,5131,4990,2271,7034,2056,10629,18179,123788,14016,12074,4578,4837,13326,1743,5904,1888,2084,13341,724,1757,3157,1626,9331,3830,29571,55552,3128,619,1136,8008,6445,4298,392,8341,6800,3494,2126,2121,1902,6741,47554,6389,5807,12012,3875,3802,10286,4319,1064,166058,8250,15687,2628,17945,21231,5223,17584,7545,4394,24345,5218,23643,12365
R07201,福島県,福島市,3.00,961789,73184,24612,7077,18422,2776,2716,1017,4041,5558,1569,870,584,1473,2470,76986,6815,463,350,2896,1025,4393,508,1072,278,1791,1499,1005,1770,997,4199,5196,863,551,597,925,269,4207,2554,1565,468,7776,2444,1223,3807,1949,625,4560,1311,3836,3198,76085,10822,32948,12164,914,1970,5496,6732,2706,2334,48264,13732,630,15376,839,5915,493,11278,110835,2923,2281,1121,2452,2169,2346,1056,8172,825,2050,867,1780,2503,1253,2811,817,682,3357,2200,1465,4000,2224,6876,1760,2131,1894,1385,3203,3092,664,236,2374,1926,1058,2874,5923,2966,6601,1078,2226,1604,1329,865,5576,1350,431,2058,49477,7288,4236,284,565,2720,3103,2984,978,6858,968,598,3629,5201,1595,5016,3453,42803,3801,439,607,1654,2417,1174,1158,614,538,1317,2215,1063,1368,3866,2109,1526,5408,11530,95732,883,2369,10297,545,6289,2093,1757,6625,7676,3897,5146,2339,6760,1770,11119,26167,130933,17900,13966,4980,5928,12331,1643,6134,2268,2482,12001,729,1940,2794,1596,7838,7730,28674,60565,3817,533,1518,8570,6179,4569,377,8099,5902,5527,2405,3782,1482,7805,45517,9848,5905,10795,2298,2989,9575,2922,1186,151409,8522,11303,2987,16461,22944,3834,14482,4484,3746,26061,3858,20064,12662
R08201,茨城県,水戸市,2.90,932200,67318,19367,8495,17673,3125,2314,1070,3787,4561,1459,632,518,1679,2635,68527,5452,574,417,2721,771,4882,779,1095,384,2103,1338,1189,1873,953,4162,4310,466,1142,575,639,272,3059,2475,1943,683,6365,1729,1058,2772,1724,816,2741,1490,3071,2505,75129,12762,28808,13328,1509,1223,5634,7389,2235,2240,48425,14647,1093,16109,1160,5992,423,9001,100131,2480,1804,1050,2610,2166,2208,788,5882,873,2045,560,1742,2284,875,3011,1008,389,3131,1444,1525,3267,1641,6872,2147,1748,2070,1153,2283,3740,486,263,2949,1936,757,2801,4902,2757,6171,1052,1771,1310,986,614,4758,1420,477,1927,41079,5118,4955,309,760,2382,2023,2441,831,785,1187,3976,3520,4199,1746,3670,3176,41162,4188,554,438,1723,2232,1082,1024,614,561,1221,2189,1178,1321,3492,2166,1507,4334,11340,91464,865,1249,10484,937,7100,2237,1570,7834,8071,5084,5311,2091,6618,1968,9790,20255,124530,17838,10986,5261,6448,13889,1862,5829,1896,2423,11169,1048,2064,2689,1684,8185,4318,26941,64560,4425,699,1413,10189,7929,4962,395,8220,6025,5069,2225,4571,1781,6659,33972,5859,3635,10941,1573,2845,5864,2554,702,175902,8301,9305,3565,15048,28292,5683,25665,8281,4331,25314,7071,19045,16000
R09201,栃木県,宇都宮市,2.85,982038,74050,22135,9053,19055,3491,2402,1196,3987,4947,1651,630,579,1897,3025,72694,8618,617,402,1746,534,4968,812,1075,362,1741,1539,1145,2110,1048,4508,4638,756,433,714,901,231,2192,2488,2115,667,6923,2109,1238,2726,1571,847,3757,1073,3241,2847,82490,17634,30606,13732,1665,1952,5431,6626,2671,2173,46981,14302,480,15463,991,6334,514,8897,114270,3052,1971,1246,2870,2821,2694,1065,7102,931,2188,862,2368,2670,1235,3175,811,630,4176,1937,1577,3653,2049,9254,2191,2135,1980,1101,2935,4420,411,217,3319,1817,832,2700,5310,2738,5409,1597,1928,1500,877,561,6098,1352,368,2139,42331,5071,5196,350,729,3023,2669,2261,956,987,1501,1024,4399,4843,1684,4644,2995,43854,4294,591,485,1727,1883,1013,979,705,606,1130,2531,1270,1330,3623,2304,1526,5385,12472,86535,895,979,8414,674,7521,2511,1904,7459,8128,5041,4527,2202,6727,1449,9905,18199,134460,18126,12689,5490,7633,14549,2445,6833,2114,2473,12824,1082,3953,2743,1414,8268,1177,30646,62526,4401,673,1082,9798,6216,5127,525,8721,5574,4511,2543,3961,2180,7211,42702,6799,6205,10381,2605,3561,7857,4056,1238,179147,8425,11330,3313,17520,28177,6027,24208,5028,5187,31852,6487,21174,10420
R10201,群馬県,前橋市,2.81,923714,77456,25322,7652,22129,4378,1880,1106,3699,4585,1414,554,608,1404,2726,71940,7289,843,422,1031,535,6128,759,938,442,1799,1529,1174,1827,807,4706,5721,937,323,620,871,315,1980,2886,1851,749,6007,1870,1577,2363,1197,890,4373,1209,3093,2878,67833,10043,26943,11176,1270,1735,5635,6585,2198,2248,44449,13555,445,14448,899,6056,483,8563,105257,2599,1651,1032,2496,2635,1873,884,6006,944,2102,728,1626,2196,980,2838,715,445,3521,1953,1651,4246,1556,9510,1940,2217,1615,1020,2771,4203,535,237,2737,1743,893,2630,5018,2754,5648,724,1634,1217,1006,512,6372,1354,445,1845,42123,6149,4440,404,705,2340,2350,2687,606,1067,1436,1018,4062,4937,2227,4302,3392,41635,4011,627,512,1641,2014,1172,1024,612,545,1134,2639,1211,1349,3159,2317,1466,4420,11781,85507,559,1786,7727,708,6909,1902,1485,7286,6854,2939,3673,2428,5918,1202,8985,25147,124663,20074,14332,4569,5653,13180,1586,4915,1584,2331,11531,1238,2204,2673,1262,5791,1674,30065,63196,4125,679,1316,10052,6269,5195,359,7839,5184,7420,1850,3473,1922,7513,37328,5947,6451,10768,1972,3361,5803,2214,812,162328,7412,6509,2837,10987,19143,4696,12124,5926,4276,61933,4737,13241,8508
R11100,埼玉県,さいたま市,3.04,1038797,80828,24816,9350,22858,3744,2089,1349,4089,4160,1547,935,624,1733,3535,73940,7118,1177,569,1214,622,5533,967,1015,533,2607,1479,1093,2085,700,5285,4998,808,439,907,795,306,2171,2404,1824,1079,7359,2055,1364,2590,1758,777,3639,1153,2872,2644,88061,17573,33854,15624,2429,1455,5127,6978,2694,2327,49560,16082,710,14519,1262,7285,491,9211,121177,2985,2269,1377,3594,2920,2838,1005,7958,927,2721,1061,2094,2674,1138,3648,1089,1246,3871,2723,1994,4185,2431,9769,2710,1955,1637,1156,2478,4770,609,405,3065,1870,958,3030,5722,2990,5057,844,1812,2276,1029,588,6096,1251,384,1965,42751,5272,4720,538,739,2797,1541,2948,834,1111,1445,858,3744,4827,2479,4994,3906,45520,4164,637,420,1541,2315,946,1075,652,667,1191,2587,1757,1536,3805,2204,1565,4425,14031,94994,1266,968,9510,1193,8196,2588,2043,7945,7516,4045,4436,2140,6853,1440,10196,24658,136386,16784,12597,5039,6685,15438,2154,6175,1885,2521,10569,1514,2348,2886,1383,8613,6126,33670,59992,4662,1255,1369,8323,6068,4780,422,8170,5983,3769,1805,3685,1400,8302,40538,6215,5576,10611,1811,4598,7467,3353,906,205050,7982,7263,3077,13389,26251,5497,20121,6967,4834,70499,8663,20885,9622
R12100,千葉県,千葉市,3.00,1030073,78500,22629,10092,22679,3071,2203,1219,4211,4260,1610,819,496,1967,3245,80770,7519,1278,641,1380,892,5578,885,944,514,2893,1632,1355,3192,1407,6267,5169,964,543,1023,1343,554,2095,2470,1837,1041,7204,2107,1355,2778,1819,1020,3589,1719,2752,3011,88786,19705,31348,15994,2216,1887,5196,6976,2798,2666,50870,16850,722,15939,1238,6625,490,9006,123233,2923,2804,1375,3702,3104,3014,958,8579,1079,2743,846,2067,2604,1137,3667,1283,872,3885,2949,1889,3707,2348,10330,2618,2120,1880,1079,2713,4700,397,516,3570,1907,923,3421,5360,2881,4794,972,1897,1821,1030,679,6088,1264,491,2246,45467,5159,4509,431,852,2887,2847,2978,1225,1083,1454,846,4598,4854,2551,5103,4090,44520,4227,684,443,1630,2494,894,988,737,696,1143,2414,1521,1366,3662,2697,1498,4540,12885,89601,774,720,8807,894,7338,2299,1434,7993,6848,3566,4096,2213,6977,1500,9692,24449,132954,16862,12506,5058,6527,15946,2673,5827,1878,2395,11312,1338,2241,3373,1373,9823,1562,32261,61631,4486,939,1763,9379,6414,4718,354,7164,6620,4275,2131,4192,1549,7649,42517,5630,5735,11556,3547,4215,7496,3343,995,191222,5588,7042,3578,15878,21496,5901,13720,6883,4459,68786,6667,20733,10490
R13100,東京都,東京都区部,2.93,1123765,81177,22412,11064,24885,2966,2440,1362,4123,3689,1523,937,500,2005,3272,79327,8292,1207,510,1587,756,4638,752,927,913,2807,1642,1578,2843,1191,6747,5315,938,499,967,998,518,2197,2345,1943,999,6847,1962,1223,2916,1655,844,3696,1120,2884,3070,95859,24512,31935,16348,2672,2135,6016,6938,2873,2430,50541,16208,722,14691,1513,7615,702,9090,125815,3099,2439,1385,3966,3215,2928,1031,9377,963,2707,941,2148,2564,1025,3546,1177,1009,4036,3425,1955,4188,2661,10819,2764,1975,1671,1117,2816,5636,420,414,3543,1789,817,3145,5417,3008,4303,878,1837,1731,1008,678,6350,1130,408,2352,44229,4386,4863,383,671,2624,1687,3328,1177,1236,1593,936,4397,4493,2179,5958,4319,44505,4087,634,438,1464,2175,865,1135,677,603,1111,2593,1650,1344,3686,2610,1309,4421,13702,93371,972,751,9610,943,8108,2261,1709,8967,6742,4852,3943,2079,7289,1212,10138,23796,148227,19262,14044,5719,7955,15947,2916,7381,2065,2419,11552,1637,2495,3167,1412,6949,2387,40923,60640,4679,1368,1473,7936,6923,4628,392,7685,5610,4110,2018,5025,1183,7607,44552,5192,5048,11909,2158,7461,7427,3697,1660,255522,7056,6458,3379,16809,25771,7329,17211,7660,4689,108899,12107,28701,9453
R14100,神奈川県,横浜市,2.84,1066987,82257,24983,10722,23457,3158,2454,1306,3997,3373,1533,1015,694,2122,3444,83487,8367,1464,656,1223,757,5715,902,1026,804,3377,1662,1408,3009,1445,7055,5118,933,551,1120,1086,390,2301,2276,2241,1342,6597,2261,1399,3085,1800,998,3870,1226,3234,2788,97515,23674,33557,16436,2471,1764,6504,7578,2972,2559,49915,15723,682,14412,1460,7544,719,9374,127908,3237,2580,1405,3724,3300,3052,1023,9218,1060,2866,1039,2130,2711,1130,3707,1257,919,4180,3352,2059,4370,2695,10954,2865,2167,1740,1085,2912,4952,490,496,3504,1972,952,3508,5693,2930,4254,1018,1874,1722,1156,655,5925,1260,512,2298,46446,5481,5032,397,846,2347,2457,2852,1335,1350,1516,1048,4313,4949,2879,5440,4205,45784,4481,741,432,1636,2331,1046,955,660,760,1225,2612,1809,1333,3850,2574,1311,4327,13701,88417,697,632,8840,1049,7050,1954,1540,8417,6220,4837,3427,2087,6536,1318,9794,24022,137317,17822,12805,4577,7245,16044,2773,5821,2130,1899,9787,2518,1817,3005,1246,9783,2266,35780,57294,5153,1204,1558,7236,7137,3908,467,7596,5189,3734,1529,4351,1187,7044,41025,6094,5173,11226,2401,5689,7076,2250,1117,209623,6141,5963,3006,15802,28919,9232,20714,5025,4225,70312,9913,25124,5248
R15100,新潟県,新潟市,3.18,958724,81705,25331,9968,21465,2576,3421,1241,3978,5626,2014,574,669,2143,2701,80580,3635,874,750,1144,1913,5226,677,1091,502,3542,2156,1286,2263,2074,5357,4909,860,586,750,1094,538,5760,3182,866,426,8537,1816,1211,2935,1345,611,4516,762,4121,3263,80699,10443,34884,13719,1308,1789,5105,7487,2778,3187,49412,16720,687,14742,850,6252,428,9735,123792,3078,2374,1223,2853,2735,2736,1193,8056,1046,2793,1687,1888,2844,1146,3184,1876,1023,3756,5538,1660,3799,2290,9915,2360,2184,2236,1760,3248,4221,579,590,2678,1824,752,3746,5165,3778,4847,759,2194,1011,1117,522,5445,1522,408,2153,42037,4945,5387,459,704,2326,4014,2159,802,1393,1695,893,3442,4885,1926,3931,3077,45730,4124,715,540,1847,2739,1183,1001,588,634,1415,2057,1098,1790,3553,2482,1950,4894,13120,79979,622,1008,7766,425,6028,2359,1395,7499,6484,3898,4795,1968,6340,1652,9027,18713,128075,12467,13403,4405,5441,12560,1254,5873,2277,2512,14640,888,1916,2738,1138,9224,6095,31245,53949,3624,664,1619,6591,6831,4378,394,6647,5366,5022,2106,2192,1435,7080,54116,8657,7186,12533,2564,3864,14457,3676,1179,138649,6109,11592,3521,13448,16428,2856,7499,4217,3145,33319,5664,19764,11086
R16201,富山県,富山市,3.17,1015186,79967,23323,10203,21672,3321,2410,1058,4038,5342,1905,443,460,2960,2831,84478,4497,1749,476,759,981,4754,871,694,609,6674,2842,1100,3882,1494,6957,6528,737,472,571,828,595,3013,2134,1203,576,6671,2027,1033,4923,1563,544,6661,843,2251,2964,85997,18967,29763,12642,3419,1903,5402,8235,2889,2777,47090,15830,342,14838,990,5997,508,8585,114355,3242,2735,1457,2965,2688,2704,1137,7021,1065,2642,1205,1750,2513,1038,2918,1090,777,3806,1759,1718,3601,2320,9004,2108,2247,1810,1699,3166,3140,378,401,2537,1485,2002,2950,4909,3800,4743,800,1623,1223,1485,781,5471,1861,377,2207,44706,5217,5313,256,1268,2094,3776,2809,889,960,1202,1112,3268,5347,2562,4712,3920,42349,3696,724,497,1680,2126,862,769,663,500,1217,2016,1163,1534,3551,2062,2118,5157,12014,90791,813,1237,9071,1165,7395,2417,1773,8559,7638,4281,5058,2126,7722,1725,10449,19361,142363,11466,15541,4496,5627,13359,2021,6294,2307,3192,14441,808,1859,2435,1197,11009,10272,36042,55264,2285,400,1801,7649,6549,6205,463,8489,4882,4141,1945,2016,1730,6709,47985,8292,5931,11991,1532,2782,12268,4175,1014,179840,6725,8280,1765,16985,27822,4009,15063,7108,4630,43554,5237,23546,15118
R17201,石川県,金沢市,3.24,1054782,82042,23042,11282,23178,3580,2408,1187,4892,4108,1710,603,600,2692,2763,78664,3136,1746,923,914,1679,4523,1106,972,986,6155,2746,1206,3176,3137,7629,5132,760,401,493,620,565,2200,2014,1213,481,6043,1786,1863,3100,1326,435,4101,971,2417,2710,92592,20826,32237,14292,3712,2221,5274,8583,2743,2703,47146,16369,576,13310,1111,6456,447,8877,112532,3100,2195,1537,3214,2664,2669,1019,7360,1158,2660,713,1840,2654,871,3136,1694,827,3203,1700,1686,3534,2320,8316,2246,2351,1802,1532,3142,2712,548,396,3115,1412,1400,3371,5143,4464,4203,848,1642,1127,1183,536,5337,1806,474,1673,38137,4514,4774,210,886,1996,2612,2790,803,883,1566,788,2376,4662,2131,3881,3264,44936,3795,777,515,1767,2085,969,963,684,619,1264,2248,1308,1653,3813,2504,1998,5023,12952,103653,643,1586,14920,1388,9030,2320,1749,9734,6741,4739,6196,2561,8347,1990,11537,20172,138289,13026,15741,4796,7592,13674,3456,5503,2195,2577,12335,858,1928,3060,1132,10368,6918,33132,58453,3675,684,1547,6999,6997,5635,571,8950,5557,5176,1825,2349,1611,6876,44146,7777,5843,11948,1466,2784,9775,3699,855,214192,7150,9545,2238,23387,30768,6179,15029,11154,5173,52530,7470,25514,18056
R18201,福井県,福井市,3.14,974542,82592,27635,9086,22641,4008,2289,1109,3901,3708,1662,426,444,2989,2695,71420,2641,955,509,866,1452,4488,906,559,615,4735,2277,1286,2475,4144,5584,6198,687,329,525,661,402,1676,1994,1485,482,6053,1533,1510,2981,1814,731,2998,1024,2089,2758,94833,26539,27595,15312,3217,2894,6076,8030,2332,2836,42208,13221,860,12076,1062,4824,443,9723,110895,2749,2772,1373,2782,2474,2390,1026,6475,1199,2947,1807,1889,2363,801,3075,843,625,3015,1499,1380,3690,2296,9533,1868,2281,1683,1351,2185,2838,453,355,2585,1888,1467,2729,4785,5515,4187,763,1880,1148,1248,445,5799,1999,517,1924,37995,4270,5537,224,585,2303,1821,2886,894,654,1406,1280,3038,4777,1996,3886,2438,39592,3357,746,406,1548,1993,911,782,626,609,1239,2126,955,1481,2878,2131,2161,4601,11040,85204,1157,766,11267,833,6275,2131,1523,6683,7407,3702,4519,2143,6595,1861,9025,19315,143827,13611,13883,4603,4745,11469,1649,5443,2933,4128,16152,919,2281,3315,1518,8133,6994,42051,48599,2661,373,1492,6414,5744,5278,316,7657,4597,3915,1626,1930,1084,5513,36417,5988,4343,11881,1468,1898,6991,2992,856,180959,9801,10153,2130,22012,31696,4430,11546,13914,3971,30309,6309,16449,18238
R19201,山梨県,甲府市,2.87,946017,74069,22876,8673,20851,3809,1882,1015,4179,4197,1361,681,479,1481,2586,73683,9040,921,266,728,442,4423,820,762,299,1435,1999,1157,2386,1115,4063,2922,1055,680,631,1074,901,2830,1903,2255,1242,6468,2022,1730,2647,1883,806,4768,1550,2847,3613,79210,14616,31528,12185,1564,2252,5117,7139,2701,2108,44181,14145,786,14196,909,5619,476,8050,103251,2855,2123,1227,2649,2782,2462,973,6696,799,2245,845,1935,2446,1066,2850,1241,625,3273,1846,1649,3998,1676,8018,1793,1739,1930,1056,2507,4183,445,294,2063,1708,671,3062,4484,2226,4191,972,1820,1168,1058,532,5219,1336,486,2028,43127,3884,4710,284,628,2640,825,7659,1103,3396,911,438,3112,4516,1519,3760,3744,41054,3503,577,525,1429,1896,866,793,643,573,1129,2638,1216,1395,3467,2212,1516,4498,12177,83767,649,996,9264,621,6767,2515,1847,7245,4850,3839,4481,2218,6184,1563,8974,21755,136846,17112,13740,5265,5917,15312,2443,6089,2247,3074,13049,1233,2029,2918,1859,6069,2632,35859,52096,3367,704,1291,7517,6007,4512,359,6836,5277,3462,2151,2889,1388,6336,39117,5416,6276,8101,2916,3908,8455,3002,1042,175615,8007,9610,2960,19900,23738,5736,14434,8126,4884,42168,5840,19670,10543
R20201,長野県,長野市,2.95,919211,71485,22139,8044,17631,4205,2712,1196,4105,4143,1528,788,899,1439,2657,76537,5334,650,462,988,1121,5708,809,1145,477,2067,1801,1080,2359,1198,5209,5373,878,380,650,1039,400,2785,2848,1864,849,7476,1906,2035,2794,1318,695,4503,1226,3933,3179,70382,10835,28287,11384,1466,1627,4702,7129,2604,2349,46446,14619,863,13636,918,6590,548,9272,106922,2919,1937,1024,1942,2130,2189,824,7571,986,1875,832,1825,2296,1103,2596,1378,1024,3566,1938,1658,3658,1796,6922,1986,1713,2226,1740,3084,4573,514,317,2210,2511,1046,3644,5210,2577,5567,996,1946,1196,958,453,4896,1521,357,1692,39890,7940,4214,155,519,2740,732,3050,435,2457,1209,642,2894,3850,1430,4012,3611,46745,4385,562,558,2024,3170,1492,1225,616,552,1262,2207,1113,1433,3610,2297,1504,5104,13632,80844,715,791,8643,570,6195,2071,1233,6518,6073,3237,4079,2012,6268,1191,9282,21965,124923,14012,13425,4766,7805,15154,2009,4761,1737,1857,11623,1019,1970,2634,974,8102,1496,31580,51981,3730,639,1219,7920,5503,5044,325,7773,4516,3993,1636,1967,1186,6529,42402,6236,6876,13060,1663,2713,7875,3236,743,160655,6549,7638,1533,14205,20788,4703,13728,6568,3164,44417,4854,23806,8701
R21201,岐阜県,岐阜市,3.14,957971,76555,24401,9549,20423,3066,2142,1125,3660,4020,1724,660,538,2226,3021,67882,5154,815,388,1036,689,4609,1076,934,866,2966,1648,1433,2976,1893,4915,4001,864,478,740,742,236,1731,1494,1841,618,6025,1685,1844,2699,1819,956,2106,1337,3079,2188,86207,22300,27804,13824,2633,1675,6077,7362,2346,2186,44911,13954,706,13878,1073,5080,487,9733,97831,2533,2216,1234,3016,2313,2152,862,5883,873,2317,957,1643,2173,1096,2685,1092,530,2991,2172,1562,2861,1856,6973,1975,1973,1523,1333,2138,3245,468,452,2518,1270,600,2992,5036,2695,3806,940,1771,1200,970,484,4469,1433,446,2105,37090,4850,3284,267,616,1492,1268,2913,2144,781,1196,709,3326,5192,1766,4334,2952,43128,4068,653,408,1980,2146,978,996,703,621,1295,2127,1211,1324,3622,2447,1858,4862,11825,87802,381,1433,12698,725,7134,2190,1697,8383,6250,4065,6332,2271,7010,1728,9433,16072,119353,14101,12343,4972,4512,12639,2787,4184,1927,1636,10790,901,2010,1471,1184,8066,7542,28287,53336,2867,662,1392,7605,6401,4761,354,7976,4530,4100,1640,3023,1512,6512,35942,4512,5128,9536,1290,2670,8611,2999,1198,207934,8705,7762,2033,20491,44954,8426,19671,10431,5385,36539,14522,15722,13294
R22100,静岡県,静岡市,3.06,1008506,84418,30176,9016,21571,2765,2299,1241,4702,4481,1643,881,571,1774,3298,82918,12305,1390,373,1893,373,4055,1088,802,425,1891,2011,1235,3266,1903,4396,4502,1135,411,911,898,543,2176,1771,3796,1430,6109,2283,1347,2734,2769,1212,3588,1683,3511,2705,86853,16806,32261,14535,2422,2567,5302,7696,2896,2368,46062,14368,694,13567,1389,6340,604,9099,114814,3502,2108,1569,4297,3264,2566,931,6819,942,3074,1032,1931,2544,931,3337,1655,699,3478,2557,1492,3385,2012,9367,2120,2228,1916,1350,2305,3259,486,423,2743,1906,893,2879,6039,2994,4313,870,2143,1152,1251,745,5459,1061,394,2392,35430,3668,5190,172,533,2325,1172,2153,710,645,1206,807,3627,4528,1506,4041,3146,43909,3607,638,458,1683,2362,1063,885,751,595,1203,2237,1223,1502,3970,2869,1740,4732,12390,88467,1024,1219,9968,757,7316,2423,1565,9471,5984,4522,5502,2274,6685,1274,9837,18646,150163,21086,15434,5602,6134,16797,3187,7464,2201,2168,13826,1635,2388,3284,1530,8581,4239,34607,54255,8807,573,1149,7055,4752,3564,398,7040,4735,3804,1653,3392,1239,6095,39126,5809,5762,11569,1125,3766,7117,2996,982,182090,9866,6969,3467,19079,29047,7998,15891,7857,4789,39260,5173,20413,12280
R23100,愛知県,名古屋市,2.99,990994,80918,25077,10796,21078,4014,1993,1245,4034,4248,1875,663,548,2093,3255,71051,6008,750,402,1048,590,4554,875,768,730,2861,1542,1487,2790,2130,6694,4878,817,232,974,883,340,1232,1730,1586,720,6440,1783,1960,2746,2235,798,2425,1126,2635,2283,88557,22178,28932,14922,2744,1861,5259,8126,2244,2293,48219,14822,977,15447,1069,5891,456,9557,107557,2972,2124,1479,4055,2588,2441,894,6536,978,2529,1111,1776,2420,922,3027,1080,596,3115,2629,1708,3215,2146,8721,2275,2080,1732,1388,2340,3639,458,620,2952,1664,639,2915,5566,2477,3943,839,1771,1375,931,431,5183,1132,371,1774,39744,4395,4473,215,746,1531,1268,2838,1152,971,1753,859,3856,5753,2247,4472,3214,41683,3614,842,336,1526,1930,837,997,762,598,1174,2041,1176,1331,3769,2241,1864,4868,11776,88737,652,1627,9987,795,7312,2224,1593,7921,6090,4021,5137,2384,7319,1578,9957,20140,123290,14126,14422,4524,5892,14152,2551,4926,2064,1969,10550,1041,2020,1907,1209,7088,3177,31671,53958,3458,575,1534,7249,6659,5315,462,8480,4714,3375,1536,3156,1134,6311,36931,5204,5688,9962,1288,2558,8483,2979,768,210347,7837,6846,2681,17071,39540,8187,21461,10872,5438,54201,12768,15316,8130
R24201,三重県,津市,2.96,960858,74918,19320,9212,23423,3667,2181,1126,3809,4039,1795,609,579,1848,3310,81344,6992,1264,699,1709,558,4235,1065,1016,763,4455,1783,1524,3619,2109,6722,5952,1001,208,946,781,467,2319,1499,1647,737,7951,2061,1893,2901,2355,1089,1757,2027,2615,2627,99826,32210,27680,16407,3346,2037,4744,8525,2398,2477,48060,17088,1018,13507,1101,5238,510,9597,100701,2476,1945,1364,3313,2170,2191,845,5751,1103,2283,663,1661,2353,1034,2896,990,506,3516,1525,1634,2609,1886,8605,1946,1917,1802,1246,1974,4137,423,480,2667,1708,766,2911,4838,3051,3612,918,1871,1311,1070,422,4758,1262,498,1792,38989,4283,5072,101,420,1404,3138,2499,1077,571,1287,751,4152,5385,2055,3880,2914,43667,3954,630,352,1997,2360,1044,1134,715,584,1297,1834,1102,1420,3295,2561,1848,5063,12475,91964,562,1107,10642,1103,7065,2147,1734,7757,7545,3728,4409,2570,7018,1563,9700,23314,117558,12833,13426,4482,4143,12016,2681,3737,2255,1746,9730,889,1873,1229,1099,6509,3248,35662,54562,3879,798,1442,7734,6054,4983,479,8133,4051,4083,1872,3255,1270,6528,33534,5176,5953,10146,1072,1659,6228,2645,655,175738,5185,6393,1728,16330,22948,3547,9352,7573,4407,68053,6654,13182,10387
R25201,滋賀県,大津市,2.96,1009459,84658,23742,10747,25820,3789,2126,1270,4069,3858,2039,679,743,1882,3893,85153,3142,1250,614,1653,1844,5000,1151,1056,2033,4341,2088,1407,3866,1797,9646,3856,721,269,1153,799,309,2667,2841,2443,661,8415,2527,2043,2652,1084,967,2844,2259,2718,3041,112756,36838,31326,19464,4245,2510,6174,7554,2760,1886,48038,16265,573,12116,1439,6451,629,10566,121067,3171,2650,1851,3723,2654,2477,1014,7723,1286,2872,923,2069,2621,1106,3653,1134,1004,3863,2140,1827,3288,2653,8830,2548,2199,2070,1224,2720,4518,562,369,3200,1391,1270,3417,5469,4059,3810,1300,1980,1444,1113,610,6621,2021,487,2132,39861,5407,4783,271,676,2615,1575,2606,955,979,1257,927,2997,5297,1939,4633,2946,47076,4038,841,475,2042,2051,1182,1037,864,605,1352,2332,1259,1307,3429,2920,1850,5256,14235,94793,779,1203,11507,920,6904,2270,1407,8917,6695,4560,4947,2664,6983,1907,9276,23856,128131,10581,14102,4075,5039,13411,3807,4965,2764,1782,10807,762,2434,1494,1164,8043,4695,38206,51872,3646,869,1750,5554,7711,4674,434,7778,4861,3117,1778,2031,1107,6562,41661,6308,4684,13201,2099,2906,8438,2767,1257,154394,5881,4396,1702,13866,18549,4945,8926,4628,3775,57806,6802,15377,7740
R26100,京都府,京都市,2.88,975105,80628,23392,10336,24606,3698,2500,1246,3763,2956,1776,597,696,2018,3045,81227,3527,965,534,1297,1725,4731,1141,903,1775,3640,2176,1585,3814,2353,8979,4472,745,331,881,853,430,1551,2091,2518,555,8744,2527,1926,2687,1078,1167,2743,1858,2181,2745,107108,37171,29141,18380,3170,2147,6104,6319,2430,2247,48090,17498,445,12455,1323,5752,621,9997,126585,3146,2683,1982,4091,2739,2669,1099,8171,1436,2838,1038,2228,2606,1196,3941,1212,1462,3941,2624,1684,3544,2913,9101,2936,2196,1919,1229,2701,4435,615,416,2803,1467,1581,3709,5773,4696,3220,1576,2019,1877,1063,549,7536,1595,630,1701,38102,4894,4458,349,532,2075,1333,2381,1237,752,1457,889,2957,5505,2284,3812,3188,43558,3736,695,425,1675,2142,1190,1136,945,614,1213,1975,1438,1314,3227,2664,1506,5026,12637,82940,1023,835,10465,927,6205,1921,1326,8110,6240,3149,3430,2014,6206,1177,8403,21507,115475,10101,14257,3483,4676,12349,4558,4072,2721,1842,9376,832,2939,1328,1336,5533,1510,34561,46973,3890,994,1406,3922,8555,3523,320,7400,4007,3145,1286,2402,932,5192,40542,5972,5879,12183,1658,2876,8570,2338,1068,163876,4532,3974,1722,12198,16014,4595,7625,5740,2895,76805,7175,14583,6019
R27100,大阪府,大阪市,2.99,985502,84901,25651,10976,25620,3885,1495,962,3399,5025,2121,557,501,1670,3037,75954,4112,882,468,1498,1350,3982,820,759,1652,3347,2223,1689,3931,2250,7539,3850,691,286,849,1070,378,2382,2038,1813,382,7247,3076,1975,2573,1014,831,2351,1223,2614,2810,102569,33885,29009,17213,3507,2935,5373,6748,2057,1843,45887,15603,813,12698,1060,5060,661,9992,110390,2933,2362,1988,4041,2467,2376,1066,7286,1301,2687,795,1995,2292,1039,3539,1389,811,3353,2418,1532,2846,2261,8209,2494,1976,1661,1256,2195,4970,385,396,2445,1209,1205,2632,5203,3378,2735,1061,2077,1436,1057,591,5282,1690,377,1691,35283,3902,3523,247,636,2194,1165,2529,1064,917,1302,793,3452,4653,1620,4178,3109,41558,3409,765,362,1550,1830,916,793,834,567,1199,1958,1279,1345,3298,2505,1517,5353,12077,81185,497,803,8824,871,6306,1732,1495,9094,5313,3419,4374,2095,6358,1471,8475,20057,135545,15008,15906,4601,5498,16462,3595,5539,2424,1816,11368,1119,2281,1926,1229,7276,1693,37804,53962,2734,812,1501,6431,6043,4414,426,7945,5894,4160,2524,2998,1248,6831,41107,4808,5899,10098,1212,2271,12059,4003,757,177162,4729,4208,1640,14612,29083,6331,13443,7911,4798,57370,7846,17333,7857
R28100,兵庫県,神戸市,2.83,939714,81185,20840,12256,25756,3349,1907,1061,3671,4407,1932,745,472,1636,3151,66586,2958,861,421,1279,1114,4355,893,766,1746,3449,1555,1372,3308,1187,8082,3370,506,174,1028,654,171,1499,1832,1287,296,5840,2668,1793,2504,890,770,1869,1659,2033,2399,95092,26933,28114,17808,3187,2940,5541,6427,2150,1992,47172,16742,402,12495,1295,5949,545,9744,102608,3131,2035,1790,3812,2348,2170,978,6714,1104,2366,619,1901,2213,837,3446,1130,723,3259,1940,1509,2595,1916,8445,2356,1982,1742,1121,1943,4310,350,354,2409,1210,850,2490,4945,3158,2877,1002,1806,1381,1032,378,4678,1174,436,1644,35716,4317,3740,151,623,2049,1177,2400,1216,765,1361,491,3117,5069,2356,3991,2895,41588,3333,961,392,1528,1693,1023,887,914,562,1079,2078,1423,1146,3798,2343,1432,4545,12451,82390,494,941,8920,954,6282,1857,1470,9545,4670,4244,4142,2256,6894,1477,9072,19172,125476,13478,15227,4977,4995,14333,2825,4854,2276,1791,9827,769,2272,1758,1098,4931,3143,36921,50571,2821,1156,1379,5796,6682,5114,392,7476,4865,3487,2591,2261,1022,5531,42495,5944,4701,11513,2186,3500,9548,4360,743,168834,5306,4849,2083,11738,20869,6058,10738,7154,4349,65623,8663,16188,5215
R29201,奈良県,奈良市,2.91,994117,78857,22545,11278,22776,3390,2699,1099,3424,3699,1759,593,703,1713,3178,80969,3972,1008,547,1624,1788,5027,1203,990,1567,4025,2142,1678,3825,1888,7267,4115,641,253,1041,792,313,2221,1829,2494,485,8350,3157,1925,2635,1161,1030,2641,2008,2493,2832,107706,36541,30538,17806,3426,2444,5305,7552,2584,1509,50567,17132,305,14632,1351,5926,583,10637,115019,2819,2417,1798,3427,2410,2588,1007,7631,1119,2739,874,1995,2446,1048,3356,1369,920,3624,2264,1632,3011,2256,8107,2452,2293,1768,1325,2270,3305,553,450,2977,1613,1182,3388,5597,4119,3611,1274,2159,1644,1262,496,6263,1767,481,1912,39922,4858,4776,252,644,2209,1532,2784,1648,1146,1145,623,3729,5323,2033,3754,3464,45035,3968,775,468,2138,2007,1130,875,820,611,1306,2108,1712,1447,3078,2771,1605,5267,12951,89889,623,1167,10936,892,6560,2148,1477,8484,7065,4811,4877,2215,7187,1494,9459,20492,120845,10611,15588,3652,5265,13251,3498,3831,2322,1494,9210,1057,2219,1612,1172,8436,4258,33371,52975,3393,994,2207,5529,7165,4416,472,8173,4491,3761,1873,3332,1208,5959,36732,6035,5358,9169,1240,3094,8240,2775,821,175602,5905,5621,2384,17940,29611,5608,12162,8834,4561,48328,8178,18151,8320
R30201,和歌山県,和歌山市,2.81,862005,77846,24337,11857,21127,2996,2408,855,3574,3614,1737,488,559,1512,2781,76442,4294,1372,602,2060,884,4412,1661,957,1717,4307,2049,1451,4034,2141,8145,3613,562,291,925,572,315,1786,1346,3100,582,7429,2958,1498,2940,952,973,1518,1090,1866,2033,105180,35908,30419,17820,3027,3089,4349,6515,2184,1867,43708,15827,281,11855,1110,4178,442,10014,94515,2673,2092,1708,3191,2273,2215,912,5826,1180,2467,659,1697,2057,895,3057,976,629,3208,1921,1240,2632,1745,6572,1842,1940,1733,1163,1831,2486,535,286,2701,1076,930,2639,4255,2466,2306,1096,1629,2906,844,291,4516,1199,381,1640,36522,4450,5094,142,491,1867,1145,2191,1034,3080,1246,739,2647,5341,1548,3303,2204,39649,3594,795,383,1726,1565,1206,905,757,642,1291,1791,1126,1347,2443,2259,1360,5084,11375,67965,360,1231,7310,816,5289,1607,1323,6141,3831,2592,2976,2191,4870,1115,7618,18693,102385,12622,12963,3496,3177,11852,3056,4120,2158,1637,9046,751,1910,2145,1190,4993,1722,25549,48421,2448,580,1538,4782,6504,4726,356,7640,3870,4627,1716,3225,1141,5267,38698,5252,5757,12220,916,2515,8393,2870,775,130675,3604,2540,1285,11676,18816,3309,7565,5633,3047,52512,5888,9081,5718
R31201,鳥取県,鳥取市,3.18,902757,79256,22165,11295,21979,3389,1810,1205,3410,5420,2952,434,749,1377,3072,74586,1624,1380,1234,1059,2989,3801,1086,881,613,3777,2413,1071,3084,4976,5995,1993,750,812,1031,610,493,2172,1461,1077,394,9361,2315,3566,2476,2283,723,2040,711,2296,2038,91794,22045,28857,17877,4166,2063,4362,8375,2672,1376,49363,18557,1164,12176,771,4819,506,11370,100854,3373,2507,1579,3188,2663,2522,1494,6152,955,2452,734,1695,2578,969,3165,557,336,3381,1293,1097,3040,1628,6981,2003,2012,1848,1621,2091,2866,474,241,2186,1593,744,2678,6032,3129,3369,1078,1929,1329,1167,1728,2822,1255,438,1881,41859,4210,3724,224,832,1375,8384,3040,1431,580,1995,1175,2724,5431,1708,2593,2433,46511,3779,851,406,1948,2119,1423,832,850,675,1519,2245,1125,1856,3461,2981,2014,5346,13082,84085,539,2567,8671,764,7293,1984,1521,7148,5477,4522,6907,2296,6704,2390,10110,15191,113282,11823,11875,4389,4899,12587,2478,3584,2154,1436,11067,592,1884,1871,977,11934,1258,28477,51448,1923,491,1651,5210,7632,5055,471,7191,6128,3916,2601,1964,1479,5733,36911,5138,4534,9670,1535,1452,10745,3052,785,132809,5315,4856,1033,12337,23288,3925,11365,4781,3760,24491,5514,14938,17204
R32201,島根県,松江市,2.92,924350,75073,20641,11601,19142,3479,2471,1194,4028,4157,2012,407,529,1964,3448,68032,1289,2261,818,865,1644,4043,1255,674,1026,4036,2294,780,2201,1803,7077,2585,607,2224,471,412,996,1545,926,1192,833,7406,2163,1392,4156,1239,768,1740,635,2542,2136,83390,18815,27140,15663,3158,2378,5066,6865,2422,1884,45284,16390,872,12702,1002,5047,470,8800,105043,3144,2430,1523,3489,2580,2479,1146,6041,1225,2372,780,1640,2548,1178,3050,598,533,3134,1576,1496,3291,1781,7631,2215,2185,1810,1245,1998,3117,691,368,2701,1686,1102,3260,5834,3084,3431,1228,1760,1554,1188,526,4850,1215,475,1858,43476,5414,3775,243,727,2368,4565,3312,1425,626,1304,1109,3801,5220,2278,3977,3334,46028,3873,759,493,2557,2158,1143,1117,739,711,1250,2733,1486,1604,3695,2423,1938,5125,12225,83387,668,1295,10790,665,6352,1890,1543,7259,5156,3921,4889,1979,5964,1465,8879,20671,117305,13313,12336,4368,4926,12136,2908,3841,2359,1405,9756,601,2015,1769,1177,8146,3733,32516,51419,4123,793,1829,4794,7154,4200,565,7289,4203,3093,2613,3786,1214,5765,41642,7022,7232,10053,2014,3827,7952,2642,899,164270,8386,6430,2225,12194,19192,3598,6590,9591,3905,50314,5760,26021,10064
R33100,岡山県,岡山市,3.09,927279,78034,17971,10060,26342,3372,2407,1283,3782,4494,1935,540,534,2176,3138,68344,1986,1196,557,1493,1191,4620,1236,927,1064,3663,1977,1427,3235,1225,8656,4038,768,317,1333,663,364,2086,1757,1066,270,6471,2049,1774,2445,983,760,1504,612,1915,2715,91999,23010,29855,17022,3685,3228,3859,7217,2476,1648,44891,16617,659,12359,1099,5451,555,8151,94123,3051,1953,1564,3335,2198,2209,1063,5979,1189,2410,477,1583,2385,1141,3049,1042,349,2782,1420,1204,2541,1424,6991,1952,1848,1762,1237,1844,3336,377,207,2352,1532,690,2563,4851,2892,3498,875,1611,1183,751,444,4212,904,289,1575,37263,3781,3919,163,597,2065,1111,4410,840,3311,1186,586,3167,4915,1507,3164,2539,41982,3568,691,387,1808,1797,956,861,950,628,1194,2022,1248,1404,3400,2282,1774,4843,12169,86488,598,2056,8563,597,6907,2379,1531,8014,4205,3641,4565,1952,6482,1637,9686,23677,123790,17016,11827,5139,5286,15006,1681,4562,1828,1501,9426,693,2017,2281,1082,9020,4678,30745,56336,2210,803,1513,6527,7027,4989,373,9078,5777,4085,2479,3168,1639,6667,34577,5935,4942,8550,905,1870,7455,4145,777,169453,7780,6835,2937,12025,17343,3400,7876,7539,5145,67797,6563,14750,9464
R34100,広島県,広島市,3.02,972840,77531,20684,10905,23769,3213,1948,1251,3891,3930,1978,584,628,1480,3269,73812,1983,1647,772,1251,1129,4723,1027,829,1552,3954,1979,1531,3058,1410,9021,4360,802,252,2972,614,383,1409,1906,702,314,7181,2553,1611,3171,1094,613,1956,637,2191,3226,103650,29172,31508,17653,3329,3680,5363,7679,2588,2679,49040,17267,559,13808,1163,5825,556,9863,103520,3000,2165,1615,3586,2465,2236,1012,6762,993,2874,700,1695,2483,1253,3283,1608,416,3267,1650,1458,3340,1831,6782,2165,2040,2184,1421,2453,3878,408,279,2879,1289,811,2967,5222,2579,3359,888,1941,1381,1052,550,4353,928,312,1708,38935,4470,3810,168,686,2206,1106,3498,1284,724,1352,1039,3432,5771,1672,4483,3234,45486,4089,826,440,2195,2190,1017,867,1173,602,1227,2323,1472,1361,3645,2314,1687,5058,13002,82777,362,1303,8872,600,7146,2164,1250,7689,4427,3701,4903,2147,7855,1712,10149,18496,136366,16060,14051,4965,5739,18482,2474,4946,1976,1757,10877,650,1926,2339,941,8296,5407,35482,53087,2141,704,1566,5768,7392,4547,362,8224,5491,3241,2039,3035,1738,6839,46325,6030,8328,11630,2256,2824,10844,3216,1198,162309,6534,5584,2691,11620,21596,3658,8176,7463,4619,59085,5640,17351,8292
R35203,山口県,山口市,2.99,891062,69987,19475,9085,20129,3266,1768,1038,3072,4395,2436,497,609,1231,2985,71472,1709,2677,790,1391,1573,4373,1269,797,1502,4704,1857,1042,3184,833,7796,3957,748,210,691,574,392,1407,2060,703,589,7915,2244,2287,3826,1417,613,1663,484,2177,2016,95153,26981,27031,17516,3405,3057,4400,7745,2821,2199,45936,16190,851,12725,996,5079,474,9622,87975,2504,1664,1465,2859,2367,1645,853,4979,903,2152,696,1470,2074,1273,2563,1202,399,2351,1141,1299,2621,1617,5816,1480,1910,2350,1321,1542,2636,419,385,2545,1256,880,3149,4698,2442,3070,802,1660,1214,1099,636,3229,1164,669,1505,33736,4873,3242,122,477,1840,2443,2660,674,1033,1106,512,3406,5228,1292,2559,2267,43552,4203,723,440,2008,2098,1270,1145,806,533,1283,2156,1031,1442,3218,2036,2432,5129,11600,84573,406,1924,9976,587,6870,2318,1454,7633,5646,4608,6414,2459,7184,2241,9716,15139,117781,17002,11245,4053,6002,13737,1252,4152,1581,1399,11210,527,1817,2118,990,8680,4879,27136,51372,2323,592,1424,5716,6578,5083,482,7453,6296,3061,2786,2182,1544,5854,45618,4708,9535,12988,817,2276,11070,3535,689,143905,6009,5265,1873,10412,29127,3568,14427,7139,4026,24256,5085,18544,14172
R36201,徳島県,徳島市,2.94,882249,74008,20721,9108,22890,3550,2028,1046,3092,3979,2103,416,607,1504,2965,64318,3150,914,341,2027,489,4271,955,885,1138,4529,1792,1162,2599,1171,5640,3291,634,417,546,515,264,1671,1035,702,247,7632,2841,2873,2310,1132,946,1306,727,2054,2110,92298,29744,26613,15503,3507,2729,3831,6843,2104,1423,44020,16402,898,12063,936,4430,513,8779,91791,2755,1622,1670,2772,2227,1888,990,4765,1911,2272,468,1503,2066,663,3111,780,503,2641,1513,1235,2724,1491,6938,1560,1993,1604,1254,1579,3058,400,243,3344,1936,616,2422,6508,2523,2831,810,1677,1105,1088,496,3539,1071,352,1273,34300,4858,3833,138,453,2343,1244,2156,763,898,1341,952,3110,5265,1779,2851,2314,39627,3506,539,338,1662,2204,1162,969,879,617,1207,1822,1060,1485,2992,2319,1464,4669,10733,79703,451,1284,8590,865,6106,1570,1317,6700,4447,3438,4246,1854,6985,1526,8465,21859,117826,13112,13082,4090,4435,12680,2157,4118,2000,1994,11367,716,2086,3138,1215,6128,3826,31682,54967,2740,559,1309,5825,6979,5531,391,8710,5934,3002,2748,2818,2043,6377,34701,4550,4471,11235,1210,2201,7763,2414,856,154690,5906,4668,1481,12554,17390,3124,7063,6589,5236,56520,5151,17083,11926
R37201,香川県,高松市,2.90,904147,76153,18678,10611,20459,6698,4300,899,3305,3649,1889,382,690,1538,3053,67729,1787,1418,432,1673,961,4351,986,919,1391,4712,1740,1670,3005,1201,6699,3520,682,244,1026,640,289,1559,1139,824,334,6861,3692,1947,2799,1259,826,1866,798,2128,2353,91161,25037,26095,16710,3729,3752,5503,6328,2336,1671,42466,15977,703,11748,797,4533,485,8223,89913,2515,1822,1595,2856,2076,1719,941,5306,1097,2261,498,1419,2286,951,2661,1195,417,2569,1196,1459,2610,1606,6221,1633,1808,1855,1214,1808,2639,406,181,2326,1458,906,2544,5448,3295,2589,1052,2009,1338,1120,512,3467,970,410,1649,34927,4431,3760,82,574,1881,1497,2946,1009,1330,1160,554,3210,5192,1466,3353,2482,42585,4188,763,353,1872,1890,1368,1011,849,605,1083,2141,987,1403,3201,2293,1489,5084,12005,84326,632,1922,9483,728,6619,2215,1349,7790,5935,3991,6254,2116,7046,1766,8228,18253,110162,13116,11947,4142,5305,12136,1892,4016,2142,1760,9838,564,1936,1998,1065,6307,5459,26540,54632,2280,671,1430,6299,6797,5084,340,8863,5812,3409,2499,3237,1405,6508,36471,3889,5587,10873,1383,1762,9291,2844,844,173622,14063,5698,3013,12956,31039,4837,17356,8309,5513,32974,6966,16052,14846
R38201,愛媛県,松山市,2.93,857774,72878,20020,8841,23473,3706,1873,1114,3390,3686,1690,438,626,1221,2801,64490,2203,1492,502,1919,529,4236,1034,942,1795,3685,1612,1208,3054,1397,6818,3275,623,212,791,732,258,1245,934,1017,376,6580,2870,2415,2873,1223,788,1193,614,1984,2062,90874,26549,26937,15756,3671,2390,4169,7200,2330,1873,41114,13708,775,12248,792,4375,394,8820,88979,2982,1605,1494,2767,2200,1862,946,5160,1066,2302,873,1493,2241,1107,2945,1191,400,2816,1532,1342,2734,1365,6877,1600,1423,1847,1155,1205,3524,415,234,2670,1220,737,2559,5399,2520,3007,790,1746,825,856,330,3048,666,264,1639,35129,3536,5170,34,151,4434,1233,2579,899,823,1239,464,2524,4612,1439,3930,2064,39889,3649,610,356,1714,2092,1138,939,888,534,1216,2056,1050,1376,2432,2002,1744,4831,11259,77460,611,893,8051,612,6250,2172,1370,6843,3599,3311,4138,1973,5843,1631,8495,21667,123413,13508,12995,4415,3655,13516,2053,4133,1824,1374,10370,563,1877,1850,979,8355,8166,33779,51643,2250,581,1171,5545,6060,4397,407,8541,5009,3522,2176,3775,1584,6626,34992,4902,5771,11286,835,1584,7873,2139,602,136913,6757,3835,1481,10029,18316,2476,7194,7506,5221,47103,5449,11503,10041
R39201,高知県,高知市,3.03,961760,72418,22683,10841,17895,3276,1529,1024,2911,4742,2025,528,612,1431,2920,76603,5330,1520,536,7873,322,3255,1174,702,1145,4467,2197,1251,2772,1436,5017,2015,810,324,602,727,272,1896,1064,3239,952,7240,2984,2201,3867,1508,1300,1306,581,2276,2443,88798,23223,26098,17763,4096,3123,3478,7304,2040,1673,44480,12780,970,13362,941,4577,456,11393,94034,3067,2009,1740,3035,2520,1757,903,6379,838,2041,524,1562,2057,888,2956,553,874,2327,1633,1222,2930,1527,8642,1716,1656,1538,1372,1542,2994,322,212,2662,1312,743,2472,5808,2171,2855,719,1968,1347,1245,1844,2310,1123,317,1799,36645,4611,3683,73,394,5198,2072,2191,637,695,1336,913,3244,4370,1744,3014,2470,42022,3464,557,477,1790,2082,1099,891,838,729,1356,2133,993,1425,3241,2326,1700,5901,11020,82581,778,1807,7464,1063,8113,2118,1696,7711,3772,5503,6253,2302,7287,2275,10437,14003,138134,20323,14387,5337,5680,15370,2234,5005,2051,1723,11832,569,1694,2121,1094,9857,8349,30506,53436,1989,654,1929,6658,5894,5137,358,7520,5636,3594,2655,3809,1748,5856,48531,3798,6567,10466,1557,2852,17989,4256,1047,184078,6780,6982,1927,16506,24335,4328,15158,14103,4521,35500,6317,37379,10242
R40130,福岡県,福岡市,2.95,955403,73597,21329,9526,22555,2671,1653,1208,3232,3609,2026,588,531,1440,3231,74921,1630,1897,719,693,912,4080,1046,557,2039,3604,1661,1082,3038,1611,7602,5845,766,111,699,892,485,1085,6187,799,452,7227,2447,1520,2482,1102,816,2060,579,2677,4519,101149,28194,30101,19853,3498,3265,5011,6615,2693,1918,45465,13974,1154,12630,1136,6046,492,10032,104739,3320,1950,1409,3351,2815,2311,1115,7155,1029,2707,958,1558,2415,1228,3362,1094,721,2919,1594,1430,3113,1864,7889,2329,1725,1744,1274,1909,5240,453,526,2889,1478,911,3122,4701,2375,4129,754,1591,1307,935,390,4381,889,337,2050,35251,4152,3381,162,429,1885,1464,2443,1169,745,1407,628,3197,4240,1973,4767,3211,45253,3936,657,414,1796,2363,1047,1093,702,698,1279,2356,1206,1476,3446,3261,1759,4843,12920,84862,573,1421,8099,831,6944,1982,1347,6779,4114,3734,4376,2018,6780,1604,9525,24734,113244,17536,10516,4452,5147,12427,1770,3503,1394,1352,9820,653,2089,1464,1033,6837,2501,30749,52783,4360,1023,1498,5247,7170,3718,365,8172,5078,2970,1313,4020,1089,6761,38018,4962,6089,8968,1364,4633,7956,3052,996,186122,8400,6226,3307,13192,20959,4325,8935,8070,4678,66535,7268,21763,12466
R41201,佐賀県,佐賀市,2.93,918504,71984,23372,9176,19297,2402,2062,1067,3001,3925,2153,468,574,1479,3007,70536,2155,2179,852,831,1440,4780,1127,782,2384,4130,1677,782,3367,1758,6497,4017,864,230,710,532,556,1301,2027,677,588,6722,3077,2233,3080,1397,930,1907,472,2459,2020,97084,29008,27086,17463,3797,3118,4617,6970,2863,2162,43104,14305,755,11734,908,5113,435,9854,104896,3235,1899,1564,2914,2289,1865,1211,5454,1177,2786,846,1580,2440,1466,3492,1307,769,2858,1361,1542,3493,1950,7946,2097,1815,1903,1453,1761,3077,445,532,4592,1433,813,3283,5877,3316,4234,786,1869,1317,1089,458,3893,999,392,2020,32111,3857,3295,211,421,1585,1985,2133,948,551,1567,886,2943,4444,1336,3106,2843,44025,3936,587,464,1979,2545,1150,905,615,635,1241,2266,1014,1533,3546,3159,1855,4859,11737,79130,1344,1437,7890,802,6637,1997,1497,7093,3968,4508,5181,2218,6520,1751,9306,16980,118087,16030,10686,4249,6871,12208,1963,4012,1373,1328,9778,1172,2088,1308,1270,9681,4965,29103,51638,4936,536,1422,5916,6324,4013,412,6600,5662,4174,1964,2537,1232,5909,41203,6675,6585,11086,1086,2473,10260,2288,751,164705,7585,6953,3473,13814,37092,4050,15310,7981,4279,29913,4903,20806,8545
R42201,長崎県,長崎市,2.72,905204,75249,24737,9068,21536,2401,1947,1007,3491,3644,1855,512,571,1841,2637,80676,1279,3077,1019,1006,469,4221,1158,509,1986,5080,1817,948,3288,1790,9049,6298,905,191,1117,603,408,1018,1693,586,704,7384,3586,1942,7291,2105,993,1599,704,2448,2403,90825,24905,25883,15777,3819,3193,4712,7426,2982,2128,42249,13137,611,12094,1032,5095,419,9862,100267,3246,1659,1463,2729,2351,2089,1071,5061,1104,2574,820,1609,2258,1210,3127,941,695,3052,1429,1482,3570,1874,7997,2039,1951,1669,1117,1456,4928,528,566,2324,1731,1212,2750,5181,2883,3663,851,1722,1327,1079,537,4323,1012,373,1635,37909,4686,3855,172,388,1832,1789,2391,1298,800,1498,950,3051,5056,1883,5451,2808,42113,3879,699,366,2023,2477,1363,1157,646,578,1293,2325,1118,1278,2974,2764,1683,4339,11149,77698,617,1299,7432,6668,5371,2019,1269,5991,3456,2977,3400,2339,5251,1146,8605,19858,114721,15150,11269,3867,4276,12670,2392,3241,1617,1783,10469,505,1918,1708,1392,5024,3500,33941,51497,6680,665,1253,5992,5803,3467,385,6490,4683,3566,1412,3627,1079,6393,38124,5599,6911,11106,1467,1995,8574,1742,729,153877,3736,4658,1541,9690,17323,2559,6427,4134,2127,73157,4807,19389,4330
R43100,熊本県,熊本市,3.04,870915,68314,20742,8179,20332,2145,1676,1143,2627,3722,2552,424,644,1044,3085,57550,1771,1531,613,764,556,3249,959,588,1859,2901,1520,990,2592,753,5709,4536,834,141,495,449,263,1046,1926,631,427,6357,2008,1859,2107,983,794,1441,739,2236,1922,93853,24767,26155,18759,3918,4837,3871,7191,2459,1896,39939,14057,1166,9707,735,4697,381,9195,87560,2832,1258,1075,2145,1861,1582,1122,4336,844,2271,1119,1270,1978,1053,3005,725,415,2617,1183,997,3040,1355,6116,1748,1572,1593,1181,1218,3355,381,561,2830,1352,700,2525,4585,2964,4637,601,1490,1444,1130,411,3709,1158,643,1571,29840,3054,2773,77,234,2276,1489,2163,896,374,1968,1757,2341,3761,1421,2483,2772,41258,3642,595,442,1902,2801,1220,1022,666,616,1297,2275,794,1514,3164,2472,2131,4115,10590,78906,464,1644,9540,588,7292,2242,1232,7185,3337,3437,5516,2275,5630,1676,9026,17822,109466,17538,10534,3747,4745,11511,1578,3717,1375,1309,9917,497,1734,1551,1095,8234,3540,26844,53029,4773,579,1199,7024,5371,4288,306,6680,6469,3954,1970,2988,1243,6183,42794,3846,10030,10397,1421,2061,11329,2785,925,168405,5145,5457,1720,13073,26245,3364,11132,9306,4857,44616,3694,25569,14226
R44201,大分県,大分市,2.82,864758,65964,20572,8581,17795,2322,1695,992,3037,3544,2098,553,671,1439,2665,64180,1310,2265,1023,833,1158,3359,1194,747,1654,3667,1679,876,2606,1002,6196,5168,935,249,508,551,391,1260,2184,554,662,6695,2265,1786,2509,1301,633,1889,820,2194,2054,98332,30700,26590,19115,3606,2673,4546,6647,2287,2169,41029,13118,1222,11441,785,4220,374,9869,93123,3115,1631,1489,2810,2272,1842,1026,5159,823,2524,997,1461,2234,1282,3204,947,461,2316,1114,1118,2968,1534,6620,1840,1782,1812,1403,1311,2850,524,957,2490,1438,786,2939,4746,2690,4055,712,1646,1242,1146,496,4441,955,364,1551,35005,4337,4440,115,332,2689,1859,2662,846,580,1217,621,2946,4365,1611,3536,2847,40282,4125,568,485,2055,2506,1228,1305,564,556,1157,1903,1071,1346,3039,2171,1706,3946,10552,79331,534,1438,7198,527,6269,2244,1351,6550,5509,3663,5995,2371,6901,2236,9189,17354,107740,16058,11202,4200,4825,11316,2097,3467,1579,1524,11508,449,1796,1488,1093,8263,2458,24413,49242,4834,548,1854,6308,5157,3931,394,7705,4548,1749,1585,3801,1290,5536,35076,3234,8133,7739,1037,3365,8900,1844,824,155455,5617,6026,2697,12733,26502,3089,12054,12574,5242,27755,5817,23577,11771
R45201,宮崎県,宮崎市,2.92,846584,65809,21411,7153,18237,2444,1646,1141,3071,3578,2112,412,598,1255,2750,61833,3178,2540,811,2039,422,3248,1295,473,798,3203,1464,804,2593,1495,5369,4779,695,384,348,407,238,890,1551,362,1002,6640,2575,1251,2089,1089,741,1799,527,2548,2191,91435,22614,28112,18464,3165,2757,3814,6881,2466,3161,39669,13742,768,11260,738,4568,343,8250,87826,3157,1313,1401,2548,2262,1771,938,4916,823,2333,807,1368,1990,921,3176,450,498,2622,908,1166,2870,1540,6175,1665,1801,1866,1310,1659,3592,508,486,2132,1079,686,2567,5187,2464,3442,607,1621,1106,973,393,3580,819,348,1979,33245,4088,3515,70,187,3019,1320,2418,894,471,1105,995,2202,4206,1497,4863,2392,42621,3875,525,462,1872,2610,1436,1120,677,574,1397,2348,949,1448,2971,2392,1803,5056,11106,71943,594,1265,6974,625,5914,1886,1433,6102,4299,3346,4121,2037,5792,1331,8306,17919,112218,15424,10616,3910,3938,10680,1994,3768,1277,1759,10217,422,2782,1524,1472,6003,5571,30860,52545,4169,344,991,6668,4305,4614,428,7007,5039,5649,1728,4156,1235,6212,43787,2171,13882,9233,642,2373,11667,3051,768,143655,5603,5964,1324,11442,16795,2010,6854,6723,3832,48246,3318,20452,11091
R46201,鹿児島県,鹿児島市,2.80,886950,70929,23991,7550,19002,2741,2296,1155,3318,3480,1962,420,566,1373,3077,68992,2399,1787,1119,1407,309,4262,1638,562,1707,4054,1740,1023,3010,1129,5448,5425,853,159,349,643,247,871,1522,600,591,5684,6723,1324,2653,908,1334,2324,775,2461,1953,95250,24040,31389,18861,3450,2718,3714,6373,2215,2491,42532,14622,951,12167,769,4357,351,9315,97546,3217,1408,1439,2813,2325,1969,1302,5442,1021,2473,875,1658,2602,1191,3200,422,664,3088,1420,1339,3507,1362,6532,1836,1911,2003,1313,1573,3729,775,758,2790,1420,1055,2660,5513,2948,4128,661,1921,978,920,335,3478,1266,388,1921,34939,4424,3954,69,269,2764,1209,2589,1135,490,1398,796,2733,4994,1667,3495,2953,44602,4232,477,520,2520,2636,1779,1605,669,594,1396,2402,951,1364,3148,2920,1835,4559,10995,80530,590,2387,10251,824,6164,1858,1274,7118,4449,3211,3851,2322,5593,1484,8657,20497,102963,15570,11095,3630,3495,9903,2755,2810,1629,1804,8817,453,2258,2064,843,6554,3721,25561,57566,6426,506,1439,5705,5119,3314,450,7413,4038,9545,1585,3377,1589,7060,35446,1354,11193,10550,406,2107,7806,1324,705,155654,6837,6767,1566,13699,26565,2347,11904,8204,4166,40733,3773,16663,12428
R47201,沖縄県,那覇市,3.02,789143,68947,27643,7419,16656,1549,1234,903,3906,2932,1332,199,453,1226,3494,44851,4826,199,179,740,201,3949,825,717,600,708,896,586,1631,219,4000,4209,482,134,220,392,118,361,485,579,40,2165,833,988,2496,491,2588,470,225,5615,1686,71987,13355,25810,11340,2261,2581,2945,5466,2629,5601,38673,11354,1710,9412,569,6090,277,9262,92300,3079,1820,1216,2328,2923,2313,1403,5457,809,2350,445,1917,3644,839,3934,252,315,1896,964,1138,2751,1227,6099,2511,1143,1860,1056,1540,7011,305,574,2276,1222,995,2768,6984,1375,2856,487,1065,1690,475,114,2310,353,162,2050,32105,3563,3757,248,695,1550,816,1551,823,273,1036,462,1777,4738,1315,6925,2578,37483,5067,521,392,1143,1753,1179,879,454,616,794,2076,896,1249,3218,2444,1191,3914,9697,65979,132,546,4183,691,6277,1316,824,5233,2078,2935,5079,1798,5624,1355,6940,20969,118774,22568,9472,5092,3736,8391,1283,3525,1389,2511,11749,425,1884,1337,2305,3482,3212,36412,55404,1420,571,995,7681,5026,5231,595,7691,5422,3714,1886,5570,1199,8404,32315,1357,6026,9418,651,2701,8399,3354,409,130327,1586,3958,1018,6106,18755,1554,8048,4177,5474,46441,3291,19436,10483
