No. ,"2回目購買
（1=リピートあり，0＝リピートなし）",平均PV（ページ）,平均滞在時間（秒）,セッション数（回）,購買金額（初回購買金額）
1,1,127,490,1,8000
2,0,14,660,6,46000
3,0,31,260,1,41000
4,0,22,440,1,1000
5,0,53,450,2,38000
6,0,13,210,3,9000
7,1,49,950,1,14000
8,1,51,1620,5,12000
9,1,33,580,1,27000
10,1,22,470,3,14000
11,0,5,90,7,4000
12,0,34,530,1,6000
13,1,28,2950,8,25000
14,0,33,550,1,8000
15,0,22,410,2,10000
16,0,16,820,1,1000
17,0,22,210,2,11000
18,1,37,1000,5,12000
19,0,19,160,1,11000
20,0,20,360,1,3000
21,0,34,620,2,21000
22,0,118,780,1,47000
23,1,112,1150,1,12000
24,1,38,400,1,54000
25,0,86,850,1,28000
26,0,67,1680,1,7000
27,0,33,420,1,1000
28,0,26,430,2,24000
29,0,16,290,2,19000
30,0,64,560,1,21000
31,0,13,930,3,1000
32,1,63,460,1,24000
33,1,73,550,1,15000
34,0,10,140,1,12000
35,0,17,150,1,50000
36,0,45,360,2,14000
37,0,77,2030,1,6000
38,0,32,1130,6,24000
39,1,40,590,1,67000
40,1,14,520,5,5000
41,0,13,300,1,10000
42,0,14,350,4,10000
43,0,24,2780,9,7000
44,0,68,1650,1,43000
45,0,46,320,1,6000
46,1,27,230,1,8000
47,0,173,800,1,12000
48,0,12,170,2,1000
49,0,19,810,3,57000
50,0,87,1310,1,9000
51,0,93,2250,1,9000
52,0,36,660,1,27000
53,0,33,160,2,24000
54,0,43,1390,1,26000
55,1,25,250,2,67000
56,0,74,650,2,15000
57,1,13,170,3,28000
58,0,32,540,3,5000
59,0,18,170,2,9000
60,0,43,860,3,5000
61,0,25,350,3,1000
62,1,58,1870,3,13000
63,1,16,440,2,7000
64,1,10,140,2,2000
65,1,70,1870,1,11000
66,0,41,860,1,38000
67,0,27,510,5,35000
68,0,160,1530,2,9000
69,1,24,440,3,8000
70,1,8,90,2,12000
71,1,47,620,2,4000
72,0,30,750,3,12000
73,0,10,1080,1,9000
74,0,21,330,2,2000
75,0,25,850,4,6000
76,0,81,710,2,5000
77,0,24,500,4,5000
78,0,33,480,1,1000
79,0,19,230,2,9000
80,0,25,350,2,20000
81,0,14,1030,5,9000
82,0,16,620,1,11000
83,1,26,180,1,29000
84,1,18,550,1,14000
85,0,25,180,1,1000
86,0,16,180,1,9000
87,0,60,430,1,19000
88,1,18,870,5,4000
89,0,22,280,4,5000
90,0,21,150,3,9000
91,1,27,1220,3,8000
92,0,29,570,3,42000
93,1,20,320,1,5000
94,0,35,490,2,52000
95,0,47,370,1,9000
96,0,15,230,2,15000
97,0,25,1410,3,7000
98,0,21,370,1,29000
99,1,33,410,3,7000
100,1,12,550,3,9000
101,1,23,920,4,32000
102,0,19,140,2,32000
103,0,38,1150,4,5000
104,1,17,300,1,10000
105,0,13,80,1,18000
106,1,46,1060,4,16000
107,0,16,610,6,23000
108,0,13,360,7,9000
109,1,14,170,1,6000
110,0,24,870,4,13000
111,1,24,520,1,21000
112,0,18,200,3,1000
113,0,54,530,1,46000
114,0,68,1310,1,9000
115,0,32,380,1,14000
116,0,45,1040,1,21000
117,0,30,470,3,1000
118,0,20,970,1,6000
119,1,60,550,1,10000
120,0,19,240,1,24000
121,1,14,510,4,29000
122,0,24,630,1,28000
123,1,9,280,4,45000
124,1,11,120,1,8000
125,0,12,570,6,9000
126,0,42,1390,2,12000
127,1,15,960,5,24000
128,0,17,250,3,6000
129,1,65,950,2,8000
130,1,89,1960,1,8000
131,0,89,2230,1,1000
132,1,15,750,5,6000
133,1,20,540,1,32000
134,1,21,570,4,3000
135,0,36,460,2,11000
136,1,12,570,6,12000
137,1,21,310,2,18000
138,1,60,1310,1,9000
139,1,24,570,2,6000
140,1,8,110,1,31000
141,0,281,2500,1,11000
142,1,12,790,5,18000
143,1,67,1990,1,9000
144,1,115,1290,1,5000
145,1,41,480,1,18000
146,1,74,870,1,13000
147,1,14,480,3,13000
148,0,13,290,3,1000
149,1,30,330,2,57000
150,0,13,160,2,6000
151,1,18,460,1,15000
152,0,34,210,2,1000
153,1,19,600,1,13000
154,1,25,1250,7,9000
155,0,21,550,4,10000
156,1,14,130,3,63000
157,0,19,220,2,5000
158,0,46,780,4,23000
159,0,52,690,1,14000
160,1,184,1650,1,16000
161,0,20,130,1,1000
162,0,6,730,8,13000
163,0,32,540,1,14000
164,1,162,1640,1,33000
165,0,24,810,2,1000
166,0,45,590,3,4000
167,1,13,80,2,47000
168,0,15,490,3,82000
169,1,47,360,2,18000
170,0,71,1160,1,6000
171,0,29,180,1,12000
172,1,46,500,1,18000
173,1,25,700,4,11000
174,0,35,490,3,26000
175,1,58,1340,1,7000
176,0,32,590,2,9000
177,1,19,160,1,9000
178,1,17,490,1,11000
179,0,23,620,4,38000
180,1,49,520,1,8000
181,0,31,480,2,1000
182,0,42,510,2,10000
183,1,25,400,2,36000
184,0,53,1410,4,14000
185,0,14,450,2,1000
186,0,33,460,2,6000
187,0,85,1120,1,5000
188,0,57,1060,1,57000
189,0,10,540,4,9000
190,0,24,730,3,43000
191,1,13,200,1,7000
192,0,9,210,6,6000
193,0,12,190,1,3000
194,1,7,600,7,4000
195,1,19,790,4,24000
196,1,37,550,2,17000
197,0,19,1060,6,47000
198,1,20,320,2,11000
199,0,27,210,2,29000
200,0,38,260,2,9000
201,1,30,510,1,24000
202,1,85,650,2,14000
203,0,42,1260,5,15000
204,1,38,430,3,14000
205,0,15,470,3,7000
206,1,18,370,1,24000
207,1,22,830,1,19000
208,1,30,560,3,8000
209,1,14,150,2,19000
210,0,13,640,5,19000
211,0,68,1790,1,10000
212,1,20,430,1,55000
213,0,99,990,1,24000
214,1,17,690,5,4000
215,0,51,1180,4,23000
216,0,42,670,1,1000
217,1,29,300,1,6000
218,0,25,450,1,16000
219,0,24,380,2,9000
220,0,18,790,5,1000
221,1,20,400,1,13000
222,1,5,120,4,7000
223,0,21,440,2,11000
224,1,15,250,3,8000
225,0,42,740,1,6000
226,1,43,420,1,84000
227,1,58,590,2,21000
228,1,6,230,5,13000
229,0,66,1740,6,1000
230,0,84,1100,1,24000
231,0,33,740,3,11000
232,1,83,1270,1,25000
233,0,50,520,1,1000
234,1,32,370,2,19000
235,1,15,540,2,32000
236,0,59,450,1,6000
237,0,10,450,5,16000
238,0,29,220,1,57000
239,1,42,620,1,11000
240,1,18,530,6,18000
241,1,16,210,4,46000
242,1,61,520,1,21000
243,0,14,1160,7,16000
244,0,15,1050,5,9000
245,1,25,250,3,13000
246,0,15,260,3,1000
247,1,66,1290,3,9000
248,0,30,510,4,9000
249,1,91,1920,3,32000
250,0,27,340,1,4000
251,1,12,330,3,5000
252,1,11,170,2,22000
253,1,15,640,3,10000
254,0,24,310,1,4000
255,0,29,230,2,1000
256,0,20,820,5,1000
257,0,110,2630,4,6000
258,1,62,480,5,9000
259,1,34,960,1,5000
260,0,75,800,1,4000
261,1,24,1160,8,50000
262,1,38,910,2,16000
263,0,16,260,1,9000
264,1,19,330,2,45000
265,0,20,1510,1,15000
266,0,92,1740,1,9000
267,1,38,1470,7,6000
268,0,40,380,1,9000
269,1,18,700,8,12000
270,0,28,380,3,23000
271,1,9,200,3,18000
272,1,32,590,1,25000
273,1,10,400,4,33000
274,0,20,480,1,30000
275,1,25,820,3,9000
276,0,23,250,3,7000
277,1,24,580,3,15000
278,1,34,370,1,6000
279,0,10,80,2,5000
280,1,14,400,6,14000
281,1,79,720,2,8000
282,0,153,2160,3,13000
283,1,74,720,1,14000
284,1,18,890,6,13000
285,0,14,150,2,12000
286,0,17,750,5,19000
287,1,23,670,6,21000
288,0,32,470,2,9000
289,1,24,420,5,8000
290,0,14,550,3,7000
291,0,13,590,6,7000
292,1,93,1420,3,10000
293,0,63,1560,1,19000
294,0,22,190,1,16000
295,1,172,1520,1,9000
296,1,28,420,3,16000
297,1,56,1070,2,12000
298,1,125,2030,2,4000
299,0,50,220,2,6000
300,1,64,390,2,7000
301,0,81,520,1,23000
302,0,15,340,1,18000
303,1,59,690,2,19000
304,0,14,520,4,1000
305,0,8,190,2,19000
306,0,10,210,2,11000
307,1,16,1200,10,9000
308,1,53,590,1,5000
309,0,21,180,3,10000
310,1,30,1240,7,4000
311,1,20,710,4,7000
312,1,11,350,4,39000
313,1,61,690,1,12000
314,1,9,540,2,28000
315,1,16,720,7,6000
316,0,17,530,6,7000
317,1,21,1080,5,20000
318,1,55,2280,7,13000
319,0,41,570,1,13000
320,1,9,250,4,7000
321,1,18,620,3,6000
322,1,45,410,1,33000
323,0,14,270,5,4000
324,0,15,150,3,9000
325,1,32,500,3,17000
326,0,12,730,8,9000
327,0,22,290,1,4000
328,0,59,740,1,4000
329,0,9,720,7,1000
330,0,21,780,7,24000
331,0,16,240,2,20000
332,1,11,200,4,16000
333,0,10,380,8,4000
334,1,12,640,9,18000
335,0,38,310,1,61000
336,1,34,500,1,6000
337,0,79,820,1,1000
338,1,16,250,4,8000
339,0,36,1010,1,17000
340,1,11,140,2,8000
341,0,18,580,1,2000
342,1,114,2780,1,32000
343,0,8,140,3,33000
344,0,32,620,1,4000
345,1,89,680,1,14000
346,0,88,630,1,1000
347,0,16,310,3,28000
348,0,29,730,6,2000
349,0,34,330,1,11000
350,0,7,160,1,1000
351,1,18,550,6,36000
352,1,16,320,2,7000
353,1,43,780,3,18000
354,0,75,1020,1,19000
355,1,58,2850,8,55000
356,1,15,560,4,9000
357,1,16,710,5,16000
358,1,44,2000,1,26000
359,1,51,1030,4,8000
360,1,38,710,3,11000
361,0,22,510,3,19000
362,0,34,300,1,1000
363,0,25,330,1,57000
364,0,53,2120,3,11000
365,1,29,180,1,6000
366,0,15,310,2,4000
367,0,34,390,2,28000
368,1,16,550,2,18000
369,1,45,920,3,3000
370,0,45,1340,1,14000
371,0,43,620,2,1000
372,0,58,960,2,28000
373,1,31,230,1,25000
374,1,23,540,1,24000
375,0,28,250,1,1000
376,1,23,860,1,28000
377,1,27,490,2,8000
378,0,51,1130,2,11000
379,1,78,1660,5,20000
380,1,58,680,2,5000
381,1,82,3110,7,24000
382,1,39,850,1,14000
383,0,22,320,3,19000
384,1,38,750,1,7000
385,0,22,750,5,1000
386,1,392,3100,3,16000
387,1,11,560,7,8000
388,1,90,740,2,16000
389,0,59,820,2,1000
390,1,94,1060,1,24000
391,0,27,560,2,17000
392,1,12,260,5,18000
393,0,28,870,8,30000
394,1,24,290,1,13000
395,1,15,710,6,33000
396,0,121,1350,1,4000
397,0,32,840,1,7000
398,0,55,880,1,1000
399,0,43,2090,9,1000
400,0,129,2890,1,19000
401,0,33,240,1,4000
402,0,15,600,1,19000
403,0,13,440,10,24000
404,0,40,340,1,6000
405,0,44,1570,4,9000
406,0,18,600,5,9000
407,1,10,270,3,66000
408,1,40,700,1,12000
409,1,29,290,1,6000
410,1,45,530,2,7000
411,1,30,740,1,16000
412,0,41,840,1,6000
413,1,24,360,1,57000
414,1,16,940,1,8000
415,0,125,1690,1,27000
416,0,55,650,1,1000
417,1,67,620,1,16000
418,0,30,930,1,4000
419,1,52,670,1,52000
420,0,22,350,3,10000
421,1,25,600,4,7000
422,1,27,770,4,6000
423,1,24,540,1,82000
424,1,37,700,2,9000
425,1,68,2730,6,12000
426,1,14,140,1,14000
427,0,106,1050,1,65000
428,0,61,1140,1,1000
429,0,54,950,1,12000
430,1,8,220,2,12000
431,1,20,680,1,9000
432,0,19,200,1,9000
433,0,40,340,2,17000
434,0,27,830,1,12000
435,0,82,1100,1,1000
436,0,20,210,1,1000
437,0,16,210,3,27000
438,0,16,670,3,1000
439,1,70,870,1,9000
440,1,34,880,1,66000
441,1,13,550,2,12000
442,0,7,790,8,1000
443,0,32,730,1,11000
444,0,8,200,4,19000
445,1,21,480,1,6000
446,0,51,1820,1,19000
447,1,15,480,2,38000
448,0,16,880,6,2000
449,1,19,410,3,28000
450,0,32,720,2,1000
451,0,33,700,5,10000
452,1,45,880,1,12000
453,0,18,1040,6,17000
454,0,251,1880,1,6000
455,1,27,2450,6,11000
456,0,45,1030,2,1000
457,0,114,1190,2,1000
458,1,76,700,1,21000
459,0,40,290,1,17000
460,1,33,200,3,6000
461,0,11,230,1,9000
462,1,98,2290,5,2000
463,0,42,580,1,9000
464,0,17,410,4,2000
465,0,52,700,1,1000
466,0,47,870,1,1000
467,0,158,2510,1,1000
468,0,374,2750,1,54000
469,1,27,1340,8,27000
470,0,90,920,1,2000
471,1,7,150,2,5000
472,1,9,120,1,5000
473,0,49,1240,1,1000
474,0,19,380,2,12000
475,0,9,320,2,25000
476,1,11,380,1,22000
477,0,46,1530,3,18000
478,0,17,180,1,14000
479,0,16,350,4,1000
480,0,18,470,2,9000
481,0,82,990,3,27000
482,0,62,810,1,36000
483,1,37,490,2,4000
484,0,188,3540,1,9000
485,0,58,540,2,23000
486,0,28,610,2,4000
487,0,59,2980,3,3000
488,0,11,200,1,9000
489,0,94,1080,1,16000
490,0,56,1170,2,1000
491,0,34,620,1,1000
492,0,19,240,1,1000
493,1,63,710,1,9000
494,1,22,330,2,46000
495,0,22,800,1,7000
496,0,23,310,2,1000
497,0,24,1770,5,9000
498,0,20,790,4,26000
499,0,11,180,2,2000
500,1,25,860,6,16000
501,0,137,5130,3,2000
502,0,19,280,3,42000
503,1,42,1000,1,12000
504,0,10,260,2,34000
505,1,20,290,2,18000
506,1,89,600,1,9000
507,1,110,1240,2,6000
508,1,18,460,2,9000
509,1,91,910,1,8000
510,0,61,520,1,14000
511,0,98,1650,1,14000
512,0,132,1630,1,24000
513,1,17,710,5,25000
514,1,29,660,4,38000
515,1,13,520,5,9000
516,1,54,400,1,11000
517,1,33,480,1,7000
518,0,142,1220,1,19000
519,0,108,2610,1,8000
520,0,24,490,2,1000
521,0,21,340,1,14000
522,1,31,440,2,16000
523,1,132,2470,1,2000
524,0,121,1570,1,16000
525,0,41,1490,7,13000
526,0,38,490,4,1000
527,0,19,180,1,3000
528,0,21,490,1,2000
529,1,20,350,2,21000
530,0,38,270,1,1000
531,0,27,1230,4,1000
532,0,14,280,2,3000
533,0,21,1840,7,6000
534,1,34,1240,1,12000
535,0,21,410,1,1000
536,0,37,1110,1,19000
537,1,69,2090,3,10000
538,0,26,310,1,8000
539,1,70,740,2,8000
540,0,58,680,1,24000
541,0,23,250,2,6000
542,1,53,620,1,15000
543,0,11,550,4,9000
544,1,30,730,1,32000
545,0,26,240,1,10000
546,0,102,1150,1,1000
547,1,46,1040,1,17000
548,1,12,230,4,4000
549,0,32,430,1,14000
550,0,48,480,1,1000
551,0,13,170,1,65000
552,0,33,1210,1,24000
553,0,16,1070,6,22000
554,0,78,770,3,1000
555,0,21,200,1,1000
556,1,55,1450,1,11000
557,0,44,1340,1,1000
558,0,47,780,2,36000
559,1,18,190,1,11000
560,0,55,300,1,1000
561,0,281,660,1,46000
562,0,40,190,1,12000
563,0,15,470,3,1000
564,0,14,320,4,9000
565,1,54,540,1,44000
566,0,35,250,1,6000
567,0,51,630,1,1000
568,1,85,1110,1,8000
569,0,12,120,1,12000
570,0,40,480,1,11000
571,1,22,240,3,8000
572,1,108,740,1,9000
573,0,37,630,2,6000
574,0,90,1570,2,9000
575,1,25,1450,9,6000
576,1,49,360,2,46000
577,1,5,240,6,3000
578,0,24,1650,1,19000
579,0,45,990,1,20000
580,0,35,570,2,14000
581,1,48,360,2,12000
582,0,94,860,1,11000
583,1,47,720,1,19000
584,0,145,1450,1,27000
585,0,15,120,1,16000
586,0,92,2240,1,17000
587,1,17,190,1,29000
588,0,62,520,1,43000
589,0,17,720,1,23000
590,0,60,570,1,24000
591,1,20,240,1,30000
592,0,6,110,1,18000
593,1,26,410,3,10000
594,0,23,170,1,2000
595,0,115,1040,1,1000
596,0,67,660,1,19000
597,0,8,140,7,4000
598,0,17,250,3,22000
599,0,29,430,1,23000
600,0,22,150,2,9000
601,1,43,490,1,16000
602,0,20,450,1,1000
603,0,116,960,1,6000
604,0,34,250,1,6000
605,0,29,720,4,43000
606,1,9,1120,10,8000
607,1,57,1130,1,6000
608,1,15,290,5,37000
609,0,53,470,1,10000
610,1,11,300,2,4000
611,0,12,140,2,9000
612,0,15,190,1,24000
613,0,43,450,1,1000
614,1,51,1220,1,9000
615,1,5,140,6,16000
616,0,40,270,2,29000
617,1,24,450,2,9000
618,0,34,680,1,2000
619,0,22,240,1,47000
620,0,40,680,1,33000
621,0,46,280,1,4000
622,1,28,1700,5,6000
623,1,15,640,5,18000
624,0,20,210,2,14000
625,0,52,3850,4,10000
626,0,21,230,1,91000
627,0,8,140,1,9000
628,0,29,650,2,14000
629,0,98,1810,1,8000
630,1,64,1180,1,14000
631,0,27,920,1,14000
632,0,38,750,5,8000
633,0,72,1450,3,55000
634,1,82,1610,1,24000
635,0,21,290,3,6000
636,0,19,220,1,20000
637,0,19,1120,1,6000
638,0,18,990,5,14000
639,0,7,330,3,22000
640,0,31,1660,4,14000
641,0,19,310,1,16000
642,0,50,1430,1,43000
643,0,30,320,1,1000
644,0,40,1190,3,25000
645,1,27,780,1,6000
646,1,135,1320,1,13000
647,1,25,510,1,57000
648,1,17,730,4,19000
649,1,21,500,2,15000
650,1,19,300,1,60000
651,1,32,1640,4,16000
652,0,13,380,1,11000
653,0,10,540,9,20000
654,0,27,430,1,21000
655,0,26,510,1,6000
656,0,21,560,3,38000
657,1,11,180,2,32000
658,0,35,710,2,9000
659,0,27,460,1,3000
660,0,90,2230,1,13000
661,1,273,2800,1,43000
662,0,52,920,3,16000
663,0,56,1050,1,7000
664,1,31,840,6,38000
665,1,78,960,2,14000
666,0,15,370,1,14000
667,0,30,330,1,9000
668,0,27,690,1,7000
669,0,8,520,5,57000
670,1,36,800,3,7000
671,1,46,660,3,18000
672,1,87,1450,3,26000
673,0,22,430,1,4000
674,0,27,440,1,23000
675,1,13,1490,10,12000
676,1,51,210,1,32000
677,0,47,780,1,12000
678,0,29,790,1,55000
679,0,72,1100,1,37000
680,1,38,1410,4,12000
681,0,54,860,1,13000
682,1,48,350,1,8000
683,0,46,490,2,5000
684,0,27,590,3,4000
685,0,10,180,2,38000
686,0,111,1370,1,36000
687,0,65,500,1,9000
688,0,84,920,2,13000
689,0,22,600,1,6000
690,1,22,1320,1,15000
691,1,91,1180,3,10000
692,1,11,130,2,12000
693,0,60,1110,1,15000
694,1,17,840,1,21000
695,0,39,730,1,8000
696,0,157,1630,1,4000
697,0,11,140,1,9000
698,0,40,3010,9,21000
699,0,13,500,3,4000
700,0,52,740,1,9000
701,0,16,530,1,4000
702,1,11,230,3,16000
703,0,25,710,1,24000
704,0,39,390,1,17000
705,0,39,800,1,23000
706,0,15,160,2,36000
707,0,23,670,1,37000
708,0,47,550,1,21000
709,0,72,1630,1,19000
710,1,78,400,1,10000
711,1,144,2470,2,12000
712,0,63,310,2,38000
713,1,28,1200,1,4000
714,0,52,810,3,6000
715,0,19,1120,4,23000
716,0,8,800,13,15000
717,0,20,390,1,4000
718,0,35,620,1,26000
719,1,13,910,1,11000
720,0,91,900,1,7000
721,1,16,150,2,13000
722,0,19,240,3,17000
723,1,133,2300,3,12000
724,1,61,970,4,38000
725,1,84,1390,1,13000
726,1,42,2480,7,28000
727,0,22,430,1,57000
728,1,18,800,4,21000
729,0,22,290,1,8000
730,0,27,260,1,19000
731,0,15,210,1,4000
732,0,23,730,1,12000
733,1,21,370,1,11000
734,0,20,200,1,7000
735,1,45,790,1,36000
736,0,56,390,2,8000
737,0,25,430,2,20000
738,1,14,890,1,42000
739,0,24,190,2,11000
740,0,26,830,2,17000
741,0,63,610,1,4000
742,1,68,1700,2,8000
743,0,92,1430,1,31000
744,0,138,2420,1,6000
745,0,25,400,2,5000
746,0,52,1610,1,19000
747,0,43,880,3,14000
748,1,90,1270,3,52000
749,0,54,830,1,6000
750,0,30,680,2,6000
751,1,166,2550,1,3000
752,0,8,60,3,15000
753,0,163,1420,1,11000
754,0,29,750,4,7000
755,0,23,550,4,17000
756,0,42,570,1,9000
757,1,177,2000,1,8000
758,0,24,230,2,4000
759,0,32,270,2,76000
760,0,24,300,1,12000
761,0,54,340,2,23000
762,0,22,310,3,4000
763,0,18,360,1,2000
764,1,19,500,1,17000
765,0,12,240,1,38000
766,1,26,730,3,62000
767,1,185,2110,1,9000
768,1,54,1230,2,41000
769,1,27,450,1,6000
770,0,60,680,1,9000
771,1,114,1020,1,13000
772,0,26,940,1,6000
773,0,29,990,4,26000
774,1,19,500,3,8000
775,0,9,120,3,6000
776,0,9,140,4,15000
777,1,44,1230,4,14000
778,1,30,580,1,38000
779,0,25,310,1,3000
780,0,72,790,1,13000
781,1,14,280,1,4000
782,0,40,450,2,76000
783,1,71,590,1,14000
784,0,12,510,7,24000
785,0,47,730,2,5000
786,0,25,720,3,32000
787,0,21,560,2,20000
788,0,23,540,1,4000
789,1,30,530,5,16000
790,0,27,1040,3,9000
791,1,88,600,2,22000
792,1,20,780,3,10000
793,1,60,1110,1,18000
794,1,72,980,1,38000
795,0,154,1150,1,14000
796,0,46,800,1,30000
797,1,27,360,2,8000
798,0,40,590,1,11000
799,0,63,600,1,12000
800,0,35,750,3,45000
801,1,89,2570,1,16000
802,0,22,480,1,57000
803,1,13,880,4,8000
804,1,62,760,2,60000
805,0,38,730,3,1000
806,1,26,1000,5,12000
807,0,11,1510,1,43000
808,0,56,980,2,2000
809,0,19,240,1,6000
810,0,10,960,5,2000
811,0,22,750,1,9000
812,0,22,480,1,20000
813,0,18,300,3,19000
814,1,41,770,3,16000
815,0,9,180,3,5000
816,1,14,430,4,40000
817,0,97,620,2,8000
818,0,14,190,3,27000
819,0,12,140,1,19000
820,1,32,350,2,13000
821,1,44,800,2,16000
822,0,16,230,1,14000
823,1,34,910,1,13000
824,0,37,380,1,24000
825,1,85,1420,3,13000
826,0,78,880,2,9000
827,0,73,380,2,9000
828,0,21,370,2,45000
829,1,25,430,3,46000
830,1,16,870,1,35000
831,0,21,460,1,4000
832,0,19,280,2,19000
833,1,53,410,2,17000
834,0,20,160,2,1000
835,0,32,360,1,7000
836,0,26,250,1,9000
837,0,27,800,6,12000
838,0,52,460,2,24000
839,0,46,930,1,17000
840,1,14,340,3,13000
841,0,15,310,3,11000
842,0,43,680,1,1000
843,0,24,1060,4,27000
844,1,25,150,2,19000
845,1,16,270,2,11000
846,1,20,310,3,7000
847,1,161,1860,1,4000
848,1,35,920,5,16000
849,1,23,380,2,9000
850,0,63,840,1,9000
851,0,52,360,2,15000
852,0,56,590,1,4000
853,0,25,2240,5,10000
854,0,41,490,1,9000
855,1,11,110,3,6000
856,1,26,710,2,12000
857,0,19,150,1,31000
858,0,15,140,2,9000
859,1,15,890,6,32000
860,0,53,990,2,5000
861,0,61,1010,3,12000
862,1,13,1020,4,11000
863,1,10,520,4,9000
864,1,16,220,2,18000
865,1,82,1450,4,10000
866,0,22,500,2,6000
867,1,39,580,3,6000
868,1,25,1230,5,18000
869,0,61,1060,1,1000
870,1,45,1020,1,6000
871,1,68,650,1,13000
872,0,11,290,5,65000
873,1,25,390,3,21000
874,0,15,210,2,14000
875,0,22,1080,4,24000
876,0,15,310,2,5000
877,0,14,400,3,1000
878,1,34,390,2,9000
879,1,44,1130,6,24000
880,1,12,640,8,27000
881,1,19,580,1,63000
882,0,17,420,4,5000
883,1,12,110,1,9000
884,0,64,1750,3,6000
885,0,15,200,1,12000
886,0,27,200,1,20000
887,1,19,540,3,8000
888,1,86,1040,1,5000
889,0,36,970,1,18000
890,1,58,620,1,24000
891,0,74,1640,1,13000
892,0,14,320,3,9000
893,0,15,490,3,26000
894,0,15,210,3,10000
895,0,11,620,3,14000
896,1,18,720,2,26000
897,1,16,1060,3,14000
898,0,34,1670,3,2000
899,1,22,730,4,9000
900,0,18,1670,7,11000
901,1,40,1080,3,26000
902,0,41,420,2,10000
903,0,52,1770,4,10000
904,0,33,1140,5,6000
905,1,72,660,2,4000
906,1,38,1510,10,38000
907,0,28,800,2,12000
908,0,42,630,2,2000
909,1,15,520,3,8000
910,0,42,320,2,32000
911,1,10,140,4,13000
912,0,57,730,1,38000
913,1,48,730,1,13000
914,1,9,210,4,52000
915,0,33,640,3,16000
916,0,172,1120,1,10000
917,0,64,2290,1,1000
918,0,48,920,1,9000
919,0,17,910,4,9000
920,0,16,140,1,5000
921,0,10,410,1,8000
922,1,16,670,5,4000
923,1,27,520,3,9000
924,0,46,340,2,10000
925,1,19,2880,10,8000
926,1,37,990,1,4000
927,0,26,450,1,20000
928,1,14,1040,4,11000
929,0,14,110,2,37000
930,0,40,720,2,5000
931,1,16,390,2,11000
932,1,34,1010,1,4000
933,0,25,1360,4,5000
934,1,13,240,1,16000
935,1,17,910,7,4000
936,1,10,600,5,19000
937,1,27,1070,3,19000
938,1,12,120,2,12000
939,1,34,2160,11,9000
940,0,16,290,3,4000
941,1,32,740,3,2000
942,1,45,380,2,20000
943,0,16,320,3,46000
944,0,22,240,1,4000
945,0,11,80,1,17000
946,0,21,230,2,6000
947,1,24,520,1,6000
948,1,29,430,4,6000
949,1,17,390,2,7000
950,1,22,470,3,4000
951,1,14,210,1,9000
952,1,26,830,2,29000
953,1,36,1310,4,7000
954,0,26,250,1,7000
955,0,56,930,4,12000
956,1,35,350,1,18000
957,0,27,310,2,17000
958,0,7,70,2,6000
959,0,85,680,1,15000
960,1,15,300,2,14000
961,1,17,290,4,9000
962,1,18,680,4,62000
963,0,47,600,1,3000
964,0,67,940,1,1000
965,1,14,270,1,18000
966,1,23,670,2,4000
967,1,13,740,6,8000
968,0,12,140,1,22000
969,0,26,390,3,12000
970,1,9,150,3,13000
971,0,98,1420,1,23000
972,1,99,1140,3,27000
973,1,24,860,2,9000
974,1,9,1670,8,2000
975,1,14,120,1,8000
976,1,8,620,5,8000
977,0,12,320,7,62000
978,1,71,1760,1,5000
979,1,9,530,5,4000
980,1,13,370,5,16000
981,0,31,1630,6,12000
982,1,14,270,2,4000
983,0,26,680,2,4000
984,0,24,280,2,22000
985,0,32,600,1,14000
986,1,11,310,5,19000
987,0,22,1550,5,7000
988,1,58,880,1,23000
989,1,24,230,3,19000
990,1,18,980,4,12000
991,0,16,260,1,28000
992,0,23,870,7,18000
993,0,28,360,3,6000
994,0,143,1270,3,12000
995,1,70,750,2,4000
996,0,20,460,2,91000
997,0,30,480,1,6000
998,1,12,340,3,3000
999,0,11,320,6,38000
1000,1,23,640,6,10000
1001,0,53,1170,3,9000
1002,1,30,620,3,8000
1003,1,34,350,1,54000
1004,0,12,320,2,8000
1005,1,12,340,7,50000
1006,0,11,380,4,7000
1007,1,19,680,6,9000
1008,1,36,1170,5,24000
1009,0,30,360,1,6000
1010,0,49,670,1,3000
1011,0,78,500,1,18000
1012,1,27,880,2,7000
1013,0,17,410,2,1000
1014,0,19,1050,1,8000
1015,0,8,1080,11,35000
1016,0,40,870,1,9000
1017,1,37,270,1,10000
1018,1,30,420,5,15000
1019,1,21,1570,6,6000
1020,0,21,380,3,40000
1021,0,13,530,5,11000
1022,0,52,590,1,1000
1023,0,37,780,3,9000
1024,0,12,540,5,52000
1025,0,9,130,3,66000
1026,1,26,720,3,15000
1027,1,29,560,2,8000
1028,0,95,1580,4,1000
1029,0,24,1200,5,9000
1030,1,24,1590,4,6000
1031,1,9,200,4,5000
1032,1,82,660,4,16000
1033,0,63,970,2,9000
1034,1,23,220,1,11000
1035,1,53,690,1,23000
1036,1,140,2780,3,54000
1037,1,17,370,3,66000
1038,1,11,250,4,47000
1039,1,43,1900,7,6000
1040,1,15,280,1,49000
1041,0,12,770,6,10000
1042,0,36,2140,4,13000
1043,0,37,310,1,4000
1044,0,49,1330,1,14000
1045,1,6,210,5,10000
1046,0,10,170,2,15000
1047,0,81,900,1,10000
1048,0,17,430,1,10000
1049,1,13,250,3,23000
1050,1,40,410,1,4000
1051,0,20,250,2,52000
1052,1,15,400,3,12000
1053,0,12,190,2,10000
1054,1,14,310,3,25000
1055,0,21,1040,5,6000
1056,0,9,150,3,24000
1057,0,10,650,1,12000
1058,0,16,290,4,2000
1059,1,13,500,1,9000
1060,0,60,1210,4,3000
1061,1,16,1370,6,8000
1062,0,8,40,2,19000
1063,0,12,730,5,9000
1064,1,22,370,5,47000
1065,1,66,620,1,45000
1066,1,28,800,4,27000
1067,1,28,620,5,18000
1068,1,45,820,1,4000
1069,0,45,840,1,10000
1070,0,16,570,5,4000
1071,1,9,290,6,11000
1072,0,39,1120,1,10000
1073,0,13,320,1,45000
1074,1,72,1420,1,12000
1075,0,25,450,3,14000
1076,0,56,1260,2,13000
1077,0,41,520,2,77000
1078,0,26,590,4,9000
1079,0,11,370,4,6000
1080,1,12,100,2,7000
1081,0,23,860,1,14000
1082,1,18,190,2,21000
1083,1,17,1220,6,10000
1084,0,23,480,2,10000
1085,0,74,1740,1,76000
1086,1,24,500,3,7000
1087,0,63,1180,1,19000
1088,1,28,470,1,34000
1089,1,43,1030,6,9000
1090,1,38,250,2,13000
1091,0,54,1030,1,4000
1092,1,85,1160,1,8000
1093,0,12,1430,13,6000
1094,1,37,660,3,11000
1095,1,20,480,3,12000
1096,1,44,1040,3,13000
1097,1,28,2530,8,8000
1098,1,78,1380,1,16000
1099,1,51,410,2,7000
1100,1,47,2320,1,4000
1101,0,41,560,3,18000
1102,0,86,1030,1,7000
1103,0,13,320,1,3000
1104,1,11,940,8,9000
1105,0,72,1020,2,9000
1106,1,33,410,4,10000
1107,1,52,1700,1,46000
1108,1,32,470,1,17000
1109,0,21,490,2,30000
1110,0,26,1020,8,9000
1111,0,17,360,1,13000
1112,1,34,630,1,3000
1113,0,7,180,3,5000
1114,0,56,850,2,14000
1115,0,23,730,5,5000
1116,0,19,230,1,4000
1117,0,24,230,2,19000
1118,0,21,880,1,11000
1119,0,44,520,1,12000
1120,0,105,610,1,25000
1121,1,40,830,3,9000
1122,0,37,610,3,13000
1123,1,19,480,3,4000
1124,0,9,790,6,12000
1125,1,21,1200,10,47000
1126,0,34,710,3,17000
1127,1,19,130,2,10000
1128,0,34,500,2,6000
1129,0,33,910,1,12000
1130,0,53,1050,1,2000
1131,1,43,1040,1,9000
1132,1,29,880,4,12000
1133,1,20,370,1,39000
1134,1,29,2490,8,10000
1135,0,16,330,2,13000
1136,0,31,560,1,15000
1137,0,34,1160,5,27000
1138,1,15,480,3,47000
1139,1,24,870,2,7000
1140,1,43,750,1,4000
1141,0,38,540,1,3000
1142,0,33,660,1,17000
1143,1,105,1420,1,50000
1144,0,18,210,1,24000
1145,0,15,270,1,3000
1146,0,16,570,1,8000
1147,0,54,990,2,7000
1148,0,26,420,5,45000
1149,1,27,810,4,28000
1150,0,40,240,2,7000
1151,1,44,1570,5,17000
1152,0,120,770,2,8000
1153,0,13,700,1,5000
1154,0,18,370,1,10000
1155,1,23,380,3,16000
1156,1,36,2110,11,12000
1157,0,20,480,1,7000
1158,1,22,290,2,12000
1159,1,112,1790,4,23000
1160,0,22,310,1,8000
1161,0,22,270,1,15000
1162,0,32,460,3,1000
1163,1,41,530,3,17000
1164,0,23,960,1,4000
1165,0,24,620,1,16000
1166,1,22,280,3,8000
1167,0,94,1870,1,18000
1168,1,115,1380,1,12000
1169,1,24,710,2,7000
1170,0,31,590,1,16000
1171,0,18,960,6,9000
1172,1,19,450,1,11000
1173,1,34,830,4,18000
1174,1,75,1170,3,6000
1175,0,18,320,1,12000
1176,1,25,590,1,19000
1177,0,33,1040,4,23000
1178,1,177,2010,1,18000
1179,1,78,1240,3,13000
1180,0,212,1750,1,27000
1181,0,43,980,1,57000
1182,0,27,870,2,12000
1183,0,5,170,7,9000
1184,0,20,340,3,14000
1185,0,44,770,4,19000
1186,0,32,1310,1,9000
1187,0,85,1640,1,12000
1188,0,24,160,1,18000
1189,1,18,420,1,3000
1190,0,12,350,1,20000
1191,0,41,690,3,45000
1192,0,35,860,1,2000
1193,0,69,690,1,9000
1194,0,17,520,2,45000
1195,0,35,270,2,24000
1196,1,33,400,1,21000
1197,0,31,400,1,22000
1198,0,33,780,1,4000
1199,1,37,340,2,24000
1200,0,340,3350,1,9000
1201,0,212,2650,1,19000
1202,0,130,1850,2,27000
1203,1,35,800,4,65000
1204,1,209,1640,2,4000
1205,1,26,450,2,43000
1206,1,10,270,3,15000
1207,0,18,390,1,13000
1208,0,36,1060,1,8000
1209,1,27,400,1,8000
1210,1,34,350,1,9000
1211,0,54,1560,5,54000
1212,0,12,370,1,17000
1213,0,33,280,1,8000
1214,1,25,420,2,45000
1215,1,100,2760,5,30000
1216,1,116,1120,2,19000
1217,0,53,270,1,4000
1218,0,41,310,1,6000
1219,0,98,1090,1,33000
1220,1,48,760,2,5000
1221,0,28,340,5,8000
1222,1,50,1060,4,8000
1223,0,148,1440,1,46000
1224,0,32,690,3,6000
1225,0,20,200,1,13000
1226,0,58,1500,3,5000
1227,1,137,1780,1,9000
1228,1,28,390,1,13000
1229,1,94,1530,1,3000
1230,1,38,500,1,5000
1231,1,74,950,1,16000
1232,0,20,260,1,4000
1233,0,34,240,1,33000
1234,0,14,290,3,23000
1235,0,38,1540,1,3000
1236,0,21,220,2,17000
1237,0,12,490,1,9000
1238,0,15,270,1,4000
1239,0,32,890,1,6000
1240,0,15,290,1,5000
1241,0,31,540,2,8000
1242,0,249,3810,1,9000
1243,0,27,290,1,16000
1244,0,14,610,3,18000
1245,0,22,350,1,47000
1246,0,14,930,5,55000
1247,1,27,1650,6,27000
1248,1,28,850,5,7000
1249,1,44,960,1,4000
1250,1,91,1550,1,60000
1251,1,22,740,1,58000
1252,1,43,2300,3,5000
1253,0,28,240,2,5000
1254,0,21,430,1,38000
1255,1,23,320,2,8000
1256,0,29,750,1,13000
1257,0,15,720,5,14000
1258,0,10,510,4,33000
1259,0,59,430,1,5000
1260,0,96,620,2,15000
1261,0,94,1420,1,8000
1262,1,77,1080,1,16000
1263,1,88,1170,3,63000
1264,1,58,1370,1,24000
1265,0,17,350,3,10000
1266,1,64,4980,11,9000
1267,1,35,750,3,8000
1268,1,61,930,1,24000
1269,0,27,400,2,26000
1270,1,68,440,1,4000
1271,1,61,2540,5,12000
1272,0,48,1790,1,46000
1273,1,56,1570,1,9000
1274,0,79,1400,1,9000
1275,0,8,150,4,51000
1276,1,18,200,2,1000
1277,0,30,1030,1,32000
1278,1,22,420,3,4000
1279,1,15,220,1,16000
1280,1,38,1430,1,8000
1281,0,14,950,5,31000
1282,0,36,460,2,20000
1283,0,19,290,3,10000
1284,0,35,650,1,6000
1285,0,17,160,1,10000
1286,1,45,1990,1,28000
1287,0,79,1350,2,8000
1288,0,26,470,2,14000
1289,1,16,370,1,30000
1290,0,12,340,1,29000
1291,0,29,990,5,13000
1292,1,22,330,3,5000
1293,1,95,1350,1,32000
1294,1,77,2360,1,22000
1295,1,17,210,2,20000
1296,1,17,210,2,7000
1297,1,35,520,3,14000
1298,1,10,890,7,9000
1299,1,114,910,2,12000
1300,1,133,1110,2,32000
1301,1,73,1220,1,61000
1302,1,309,3290,1,53000
1303,1,48,1690,4,17000
1304,1,6,140,4,18000
1305,1,38,540,1,19000
1306,1,58,890,2,15000
1307,1,84,680,1,8000
1308,1,20,280,1,6000
1309,1,23,680,5,31000
1310,1,27,560,1,5000
1311,1,72,1210,2,41000
1312,1,202,1570,1,9000
1313,1,30,1060,5,9000
1314,1,84,1520,1,4000
1315,1,12,210,2,19000
1316,1,171,1390,1,9000
1317,1,17,560,3,7000
1318,1,23,500,1,9000
1319,1,52,1070,1,8000
1320,1,23,560,1,31000
1321,1,17,570,6,46000
1322,1,15,410,1,19000
1323,1,49,620,1,14000
1324,1,70,670,1,13000
1325,1,17,350,3,9000
1326,1,25,430,2,9000
1327,1,15,160,2,21000
1328,1,58,1020,1,2000
1329,1,31,300,1,10000
1330,1,24,400,4,8000
1331,1,42,1390,2,14000
1332,1,11,400,2,4000
1333,1,155,1380,1,5000
1334,1,24,360,1,8000
1335,1,54,610,2,24000
1336,1,13,630,4,8000
1337,1,42,1120,4,72000
1338,1,20,970,4,14000
1339,1,34,2010,8,5000
1340,1,56,1510,4,6000
1341,1,22,350,1,25000
1342,1,8,130,3,12000
1343,1,20,540,3,76000
1344,1,30,490,1,38000
1345,1,58,1460,4,8000
1346,1,26,550,1,4000
1347,1,96,1530,1,9000
1348,1,24,320,2,6000
1349,1,30,1370,1,19000
1350,1,61,280,1,15000
1351,1,18,690,1,73000
1352,1,10,480,4,5000
1353,1,13,350,4,47000
1354,1,26,970,5,8000
1355,1,70,1580,4,6000
1356,1,93,730,1,6000
1357,1,181,1840,1,41000
1358,1,16,750,1,21000
1359,1,14,670,2,9000
1360,1,64,1700,3,48000
1361,1,8,730,7,2000
1362,1,12,450,1,9000
1363,1,21,350,2,4000
1364,1,44,1770,6,9000
1365,1,24,470,1,14000
1366,1,53,580,1,8000
1367,1,30,520,1,13000
1368,1,32,730,3,6000
1369,1,18,430,5,16000
1370,1,22,110,1,5000
1371,1,12,120,3,13000
1372,1,42,800,3,15000
1373,1,10,370,3,9000
1374,1,22,160,2,6000
1375,1,43,1700,3,23000
1376,1,31,250,2,18000
1377,1,39,1350,1,19000
1378,1,20,170,2,12000
1379,1,38,680,7,11000
1380,1,20,440,3,63000
1381,1,18,200,1,28000
1382,1,9,40,2,26000
1383,1,56,580,2,39000
1384,1,56,780,1,34000
1385,1,234,3050,1,9000
1386,1,14,130,4,7000
1387,1,12,860,8,38000
1388,1,15,660,3,3000
1389,1,28,470,2,24000
1390,1,54,1200,1,55000
1391,1,28,650,3,18000
1392,1,13,170,1,17000
1393,1,30,310,4,15000
1394,1,57,860,2,2000
1395,1,69,840,2,15000
1396,1,11,690,7,18000
1397,1,15,150,1,86000
1398,1,56,500,2,22000
1399,1,32,520,2,13000
1400,1,31,1350,5,54000
1401,1,11,750,9,9000
1402,1,27,320,1,47000
1403,1,27,700,3,7000
1404,1,21,700,4,13000
1405,1,31,300,1,15000
1406,1,49,520,2,12000
1407,1,73,830,1,11000
1408,1,26,180,2,7000
1409,1,13,770,4,9000
1410,1,23,860,3,12000
1411,1,40,1240,4,3000
1412,1,21,590,3,8000
1413,1,10,230,7,4000
1414,1,15,320,3,42000
1415,1,57,580,1,12000
1416,1,37,1790,1,12000
1417,1,83,610,1,32000
1418,1,54,1310,3,18000
1419,1,28,210,1,24000
1420,1,5,140,1,9000
1421,1,20,260,2,72000
1422,1,13,130,2,9000
1423,1,91,710,1,32000
1424,1,14,530,3,4000
1425,1,58,720,1,9000
1426,1,27,340,2,4000
1427,1,16,1120,7,15000
1428,1,16,540,1,39000
1429,1,56,1720,2,26000
1430,1,45,600,1,9000
1431,1,6,60,3,29000
1432,1,10,470,9,6000
1433,1,26,520,1,36000
1434,1,55,590,2,47000
1435,1,96,1450,5,18000
1436,1,17,270,1,46000
1437,1,42,380,2,2000
1438,1,20,660,6,4000
1439,1,22,280,2,26000
1440,1,19,180,1,9000
1441,1,36,790,2,11000
1442,1,8,170,6,7000
1443,1,21,640,4,16000
1444,1,48,970,1,4000
1445,1,57,860,3,16000
1446,1,31,2660,1,29000
1447,1,33,430,1,8000
1448,1,11,370,3,7000
1449,1,46,660,3,65000
1450,1,24,330,1,22000
1451,1,26,350,3,11000
1452,1,29,440,2,28000
1453,1,50,490,1,9000
1454,1,13,240,4,5000
1455,1,43,580,3,31000
1456,1,55,970,2,4000
1457,1,23,580,1,9000
1458,1,40,730,2,13000
1459,1,15,440,7,59000
1460,1,30,550,3,9000
1461,1,13,440,7,4000
1462,1,12,290,3,15000
1463,1,61,550,2,14000
1464,1,44,480,1,13000
1465,1,30,1160,4,11000
1466,1,27,520,1,40000
1467,1,19,250,2,11000
1468,1,21,190,1,4000
1469,1,16,430,3,72000
1470,1,41,750,3,56000
1471,1,19,250,2,16000
1472,1,17,200,1,9000
1473,1,12,620,2,30000
1474,1,101,1110,1,19000
1475,1,22,670,4,92000
1476,1,20,780,5,38000
1477,1,65,1230,5,9000
1478,1,97,1010,2,13000
1479,1,30,450,1,24000
1480,1,14,390,2,6000
1481,1,149,1340,1,17000
1482,1,50,940,3,14000
1483,1,14,200,5,13000
1484,1,10,610,4,10000
1485,1,14,530,3,11000
1486,1,50,480,1,5000
1487,1,25,430,2,42000
1488,1,26,550,1,12000
1489,1,39,520,3,6000
1490,1,35,430,1,8000
1491,1,44,400,1,12000
1492,1,47,1400,4,38000
1493,1,23,1000,8,4000
1494,1,74,600,1,3000
1495,1,47,740,1,16000
1496,1,26,770,3,4000
1497,1,12,640,5,11000
1498,1,41,530,2,12000
1499,1,15,210,2,55000
1500,1,28,1100,1,4000